,Crime Id,Original Crime Type Name,Report Date,Call Date,Offense Date,Call Time,Call Date Time,Disposition,Address,City,State,Address Type,Case Status
1224979,181183076,Muni Inspection,2018-04-28T00:00:00.000,2018-04-28T00:00:00.000,2018-04-28T00:00:00.000,18:07,2018-04-28T18:07:00.000,HAN,Van Ness Station,,CA,Geo-Override,Closed
519342,190753671,Passing Call,2019-03-16T00:00:00.000,2019-03-16T00:00:00.000,2019-03-16T00:00:00.000,20:31,2019-03-16T20:31:00.000,Not recorded,3600 Block Of Lyon St,San Francisco,CA,Common Location,Closed
665903,190090430,Vandalism,2019-01-09T00:00:00.000,2019-01-09T00:00:00.000,2019-01-09T00:00:00.000,06:12,2019-01-09T06:12:00.000,ADV,700 Block Of Taylor St,San Francisco,CA,Premise Address,Withdrawn
1728585,172590269,Drunk Driver,2017-09-16T00:00:00.000,2017-09-16T00:00:00.000,2017-09-16T00:00:00.000,01:42,2017-09-16T01:42:00.000,GOA,Geary Bl/funston Av,San Francisco,CA,Intersection,Pending
306835,191672685,Passing Call,2019-06-16T00:00:00.000,2019-06-16T00:00:00.000,2019-06-16T00:00:00.000,17:54,2019-06-16T17:54:00.000,HAN,Santa Clara Av/monterey Bl,San Francisco,CA,Intersection,Closed
1546754,173383022,Passing Call,2017-12-04T00:00:00.000,2017-12-04T00:00:00.000,2017-12-04T00:00:00.000,17:11,2017-12-04T17:11:00.000,Not recorded,600 Block Of Market St,San Francisco,CA,Common Location,Withdrawn
2535594,162752987,Grand Theft,2016-10-01T00:00:00.000,2016-10-01T00:00:00.000,2016-10-01T00:00:00.000,17:26,2016-10-01T17:26:00.000,REP,1500 Block Of California St,San Francisco,CA,Premise Address,Closed
1568447,173282325,Suspicious Person,2017-11-24T00:00:00.000,2017-11-24T00:00:00.000,2017-11-24T00:00:00.000,16:22,2017-11-24T16:22:00.000,CIT,1100 Block Of Market St,San Francisco,CA,Premise Address,Closed
2913030,161114597,Homeless Complaint,2016-04-20T00:00:00.000,2016-04-20T00:00:00.000,2016-04-20T00:00:00.000,23:21,2016-04-20T23:21:00.000,ADV,800 Block Of Post St,San Francisco,CA,Premise Address,Pending
2068806,171143011,Threats / Harassment,2017-04-24T00:00:00.000,2017-04-24T00:00:00.000,2017-04-24T00:00:00.000,17:11,2017-04-24T17:11:00.000,GOA,600 Block Of Dolores St,San Francisco,CA,Common Location,Pending
2371039,163471219,Suspicious Vehicle,2016-12-12T00:00:00.000,2016-12-12T00:00:00.000,2016-12-12T00:00:00.000,10:02,2016-12-12T10:02:00.000,ARR,6th St/market St,San Francisco,CA,Intersection,Withdrawn
1729640,172583130,Homeless Complaint,2017-09-15T00:00:00.000,2017-09-15T00:00:00.000,2017-09-15T00:00:00.000,17:01,2017-09-15T17:01:00.000,ADV,1000 Block Of 16th St,San Francisco,CA,Premise Address,Closed
560450,190563718,Traf Violation Cite,2019-02-25T00:00:00.000,2019-02-25T00:00:00.000,2019-02-25T00:00:00.000,22:18,2019-02-25T22:18:00.000,Not recorded,Athens St/france Av,San Francisco,CA,Intersection,Withdrawn
1742231,172532340,22500e,2017-09-10T00:00:00.000,2017-09-10T00:00:00.000,2017-09-10T00:00:00.000,15:13,2017-09-10T15:13:00.000,GOA,600 Block Of 4th Av,San Francisco,CA,Premise Address,Pending
2117499,170933908,Suspicious Person,2017-04-03T00:00:00.000,2017-04-03T00:00:00.000,2017-04-03T00:00:00.000,21:24,2017-04-03T21:24:00.000,HAN,15th St/vermont St,San Francisco,CA,Intersection,Closed
680596,190013889,Suspicious Person,2019-01-01T00:00:00.000,2019-01-01T00:00:00.000,2019-01-01T00:00:00.000,22:35,2019-01-01T22:35:00.000,ADV,Sutter St/powell St,San Francisco,CA,Intersection,Closed
419461,191181556,Homeless Complaint,2019-04-28T00:00:00.000,2019-04-28T00:00:00.000,2019-04-28T00:00:00.000,12:03,2019-04-28T12:03:00.000,ND,1900 Block Of Polk St,San Francisco,CA,Premise Address,Pending
2021215,171343695,Traffic Stop,2017-05-14T00:00:00.000,2017-05-14T00:00:00.000,2017-05-14T00:00:00.000,23:59,2017-05-14T23:59:00.000,CIT,19th St/south Van Ness Av,San Francisco,CA,Intersection,Pending
571993,190512526,Traffic Stop,2019-02-20T00:00:00.000,2019-02-20T00:00:00.000,2019-02-20T00:00:00.000,15:31,2019-02-20T15:31:00.000,CIT,1000 Block Of Post St,San Francisco,CA,Premise Address,Pending
2586587,162543640,Audible Alarm,2016-09-10T00:00:00.000,2016-09-10T00:00:00.000,2016-09-10T00:00:00.000,21:50,2016-09-10T21:50:00.000,NCR,2700 Block Of Mission St,San Francisco,CA,Premise Address,Closed
2377569,163441109,Intoxicated Person,2016-12-09T00:00:00.000,2016-12-09T00:00:00.000,2016-12-09T00:00:00.000,09:51,2016-12-09T09:51:00.000,HAN,800 Block Of Taraval St,San Francisco,CA,Premise Address,Closed
246161,191933259,Suspicious Person,2019-07-12T00:00:00.000,2019-07-12T00:00:00.000,2019-07-12T00:00:00.000,18:28,2019-07-12T18:28:00.000,CIT,South Van Ness Av/16th St,San Francisco,CA,Intersection,Pending
1562326,173312563,Passing Call,2017-11-27T00:00:00.000,2017-11-27T00:00:00.000,2017-11-27T00:00:00.000,16:45,2017-11-27T16:45:00.000,HAN,Hayes St/buchanan St,San Francisco,CA,Intersection,Closed
2359031,163522094,Traf Violation Tow,2016-12-17T00:00:00.000,2016-12-17T00:00:00.000,2016-12-17T00:00:00.000,14:39,2016-12-17T14:39:00.000,CAN,3700 Block Of 19th St,San Francisco,CA,Premise Address,Pending
414906,191201343,Passing Call,2019-04-30T00:00:00.000,2019-04-30T00:00:00.000,2019-04-30T00:00:00.000,10:57,2019-04-30T10:57:00.000,Not recorded,Van Ness Av/market St,San Francisco,CA,Intersection,Closed
1967254,171570829,Suspicious Person,2017-06-06T00:00:00.000,2017-06-06T00:00:00.000,2017-06-06T00:00:00.000,08:36,2017-06-06T08:36:00.000,ADV,800 Block Of Minna St,San Francisco,CA,Premise Address,Closed
670446,190063069,Trespasser,2019-01-06T00:00:00.000,2019-01-06T00:00:00.000,2019-01-06T00:00:00.000,21:25,2019-01-06T21:25:00.000,HAN,700 Block Of 3rd St,San Francisco,CA,Premise Address,Closed
2193559,170620109,Person Breaking In,2017-03-03T00:00:00.000,2017-03-03T00:00:00.000,2017-03-03T00:00:00.000,00:52,2017-03-03T00:52:00.000,Not recorded,1000 Block Of Florida St,San Francisco,CA,Premise Address,Pending
1845455,172101935,22500e,2017-07-29T00:00:00.000,2017-07-29T00:00:00.000,2017-07-29T00:00:00.000,13:49,2017-07-29T13:49:00.000,CIT,700 Block Of 3rd Av,San Francisco,CA,Premise Address,Pending
1388801,180442793,Traffic Stop,2018-02-13T00:00:00.000,2018-02-13T00:00:00.000,2018-02-13T00:00:00.000,17:00,2018-02-13T17:00:00.000,CIT,Van Ness Av/pacific Av,San Francisco,CA,Intersection,Closed
1218927,181211720,22500e,2018-05-01T00:00:00.000,2018-05-01T00:00:00.000,2018-05-01T00:00:00.000,12:38,2018-05-01T12:38:00.000,GOA,700 Block Of Eddy St,San Francisco,CA,Premise Address,Pending
1207963,181253730,Traf Violation Cite,2018-05-05T00:00:00.000,2018-05-05T00:00:00.000,2018-05-05T00:00:00.000,20:06,2018-05-05T20:06:00.000,CAN,200 Block Of Forest View Dr,San Francisco,CA,Premise Address,Pending
2204004,170572427,Sexual Assault Adult,2017-02-26T00:00:00.000,2017-02-26T00:00:00.000,2017-02-26T00:00:00.000,16:08,2017-02-26T16:08:00.000,GOA,2800 Block Of Mission St,San Francisco,CA,Common Location,Pending
1719947,172622708,Traffic Stop,2017-09-19T00:00:00.000,2017-09-19T00:00:00.000,2017-09-19T00:00:00.000,16:25,2017-09-19T16:25:00.000,CIT,Hawthorne St/howard St,San Francisco,CA,Intersection,Closed
875153,182781537,Homeless Complaint,2018-10-05T00:00:00.000,2018-10-05T00:00:00.000,2018-10-05T00:00:00.000,11:32,2018-10-05T11:32:00.000,HAN,2000 Block Of Post St,San Francisco,CA,Premise Address,Closed
1067662,181920088,Passing Call,2018-07-11T00:00:00.000,2018-07-11T00:00:00.000,2018-07-11T00:00:00.000,00:52,2018-07-11T00:52:00.000,HAN,1700 Block Of Wawona St,San Francisco,CA,Premise Address,Pending
1489524,173642059,909,2017-12-30T00:00:00.000,2017-12-30T00:00:00.000,2017-12-30T00:00:00.000,14:53,2017-12-30T14:53:00.000,GOA,1200 Block Of Florida St,San Francisco,CA,Premise Address,Withdrawn
2272443,170272051,Homeless Complaint,2017-01-27T00:00:00.000,2017-01-27T00:00:00.000,2017-01-27T00:00:00.000,14:07,2017-01-27T14:07:00.000,ADV,700 Block Of Clement St,San Francisco,CA,Premise Address,Closed
2650440,162273635,Well Being Check,2016-08-14T00:00:00.000,2016-08-14T00:00:00.000,2016-08-14T00:00:00.000,23:47,2016-08-14T23:47:00.000,GOA,Shannon St/ofarrell St,San Francisco,CA,Intersection,Closed
302544,191692925,Suspicious Vehicle,2019-06-18T00:00:00.000,2019-06-18T00:00:00.000,2019-06-18T00:00:00.000,16:55,2019-06-18T16:55:00.000,ADV,Quesada Av/crisp Av,San Francisco,CA,Intersection,Pending
1062666,181941878,Burglary,2018-07-13T00:00:00.000,2018-07-13T00:00:00.000,2018-07-13T00:00:00.000,13:33,2018-07-13T13:33:00.000,REP,300 Block Of Allison St,San Francisco,CA,Premise Address,Withdrawn
2266008,170301755,Passing Call,2017-01-30T00:00:00.000,2017-01-30T00:00:00.000,2017-01-30T00:00:00.000,12:43,2017-01-30T12:43:00.000,Not recorded,100 Blk Sutter St,San Francisco,CA,Geo-Override,Closed
729256,183424192,Fight No Weapon,2018-12-08T00:00:00.000,2018-12-08T00:00:00.000,2018-12-08T00:00:00.000,22:31,2018-12-08T22:31:00.000,GOA,2300 Block Of Mission St,San Francisco,CA,Premise Address,Pending
1625062,173031749,Traffic Stop,2017-10-30T00:00:00.000,2017-10-30T00:00:00.000,2017-10-30T00:00:00.000,12:24,2017-10-30T12:24:00.000,ADV,San Jose Av/geneva Av,San Francisco,CA,Intersection,Closed
2146456,170812780,909,2017-03-22T00:00:00.000,2017-03-22T00:00:00.000,2017-03-22T00:00:00.000,15:51,2017-03-22T15:51:00.000,HAN,1100 Block Of The Embarcadero Nor,San Francisco,CA,Common Location,Pending
1566772,173291506,22500f,2017-11-25T00:00:00.000,2017-11-25T00:00:00.000,2017-11-25T00:00:00.000,12:21,2017-11-25T12:21:00.000,NOM,1600 Block Of Harrison St,San Francisco,CA,Premise Address,Pending
1322605,180743579,Report,2018-03-15T00:00:00.000,2018-03-15T00:00:00.000,2018-03-15T00:00:00.000,20:26,2018-03-15T20:26:00.000,REP,1600 Block Of Bryant St,San Francisco,CA,Premise Address,Closed
1362905,180561193,Traffic Stop,2018-02-25T00:00:00.000,2018-02-25T00:00:00.000,2018-02-25T00:00:00.000,10:55,2018-02-25T10:55:00.000,ADV,8th St/bryant St,San Francisco,CA,Intersection,Closed
2483486,162971090,Muni Inspection,2016-10-23T00:00:00.000,2016-10-23T00:00:00.000,2016-10-23T00:00:00.000,10:13,2016-10-23T10:13:00.000,ND,San Bruno Av/silver Av,San Francisco,CA,Intersection,Pending
397288,191273494,Traf Violation Cite,2019-05-07T00:00:00.000,2019-05-07T00:00:00.000,2019-05-07T00:00:00.000,19:38,2019-05-07T19:38:00.000,NOM,600 Block Of Belvedere St,San Francisco,CA,Premise Address,Pending
2681920,162140104,Passing Call,2016-08-01T00:00:00.000,2016-08-01T00:00:00.000,2016-08-01T00:00:00.000,00:54,2016-08-01T00:54:00.000,HAN,1200 Block Ocean Ave,,CA,Geo-Override,Pending
432501,191123481,Indecent Exposure,2019-04-22T00:00:00.000,2019-04-22T00:00:00.000,2019-04-22T00:00:00.000,19:14,2019-04-22T19:14:00.000,HAN,Butte Pl/brannan St,San Francisco,CA,Intersection,Closed
1898723,171872019,Passing Call,2017-07-06T00:00:00.000,2017-07-06T00:00:00.000,2017-07-06T00:00:00.000,13:12,2017-07-06T13:12:00.000,Not recorded,1500 Block Of South Van Ness Av,San Francisco,CA,Premise Address,Closed
750174,183332828,Vandalism,2018-11-29T00:00:00.000,2018-11-29T00:00:00.000,2018-11-29T00:00:00.000,16:57,2018-11-29T16:57:00.000,NOM,100 Block Of Dublin St,San Francisco,CA,Premise Address,Closed
2830018,161472744,Traffic Stop,2016-05-26T00:00:00.000,2016-05-26T00:00:00.000,2016-05-26T00:00:00.000,16:54,2016-05-26T16:54:00.000,ADV,2500 Block Of Mission St,San Francisco,CA,Premise Address,Pending
2601207,162483068,Noise Nuisance,2016-09-04T00:00:00.000,2016-09-04T00:00:00.000,2016-09-04T00:00:00.000,19:56,2016-09-04T19:56:00.000,GOA,1400 Block Of 43rd Av,San Francisco,CA,Premise Address,Closed
2496917,162912829,Traffic Stop,2016-10-17T00:00:00.000,2016-10-17T00:00:00.000,2016-10-17T00:00:00.000,17:02,2016-10-17T17:02:00.000,CIT,Market St/7th St,San Francisco,CA,Intersection,Withdrawn
2647092,162291931,Mentally Disturbed,2016-08-16T00:00:00.000,2016-08-16T00:00:00.000,2016-08-16T00:00:00.000,13:35,2016-08-16T13:35:00.000,CAN,900 Block Of Market St,San Francisco,CA,Common Location,Closed
328413,191580501,Passing Call,2019-06-07T00:00:00.000,2019-06-07T00:00:00.000,2019-06-07T00:00:00.000,06:48,2019-06-07T06:48:00.000,HAN,Beaver St/noe St,San Francisco,CA,Intersection,Pending
1688421,172753270,Passing Call,2017-10-02T00:00:00.000,2017-10-02T00:00:00.000,2017-10-02T00:00:00.000,17:32,2017-10-02T17:32:00.000,HAN,100 Block Of 34th Av,San Francisco,CA,Common Location,Pending
1947015,171660620,Homeless Complaint,2017-06-15T00:00:00.000,2017-06-15T00:00:00.000,2017-06-15T00:00:00.000,07:22,2017-06-15T07:22:00.000,ADV,2300 Block Of Folsom St,San Francisco,CA,Premise Address,Pending
984563,182302001,R/o Viol,2018-08-18T00:00:00.000,2018-08-18T00:00:00.000,2018-08-18T00:00:00.000,14:24,2018-08-18T14:24:00.000,NOM,900 Block Of Rivera St,San Francisco,CA,Premise Address,Pending
753429,183320816,Poss 519,2018-11-28T00:00:00.000,2018-11-28T00:00:00.000,2018-11-28T00:00:00.000,08:22,2018-11-28T08:22:00.000,REP,Fulton St/4th Av,San Francisco,CA,Intersection,Closed
221817,192040906,Trespasser,2019-07-23T00:00:00.000,2019-07-23T00:00:00.000,2019-07-23T00:00:00.000,08:26,2019-07-23T08:26:00.000,CAN,0 Block Of Buchanan St,San Francisco,CA,Premise Address,Closed
2891400,161204047,Party,2016-04-29T00:00:00.000,2016-04-29T00:00:00.000,2016-04-29T00:00:00.000,23:31,2016-04-29T23:31:00.000,GOA,200 Block Of Gonzalez Dr,San Francisco,CA,Premise Address,Closed
611399,190330808,Homeless Complaint,2019-02-02T00:00:00.000,2019-02-02T00:00:00.000,2019-02-02T00:00:00.000,08:23,2019-02-02T08:23:00.000,GOA,Laguna St/ivy St,San Francisco,CA,Intersection,Closed
2204568,170571485,Suspicious Person,2017-02-26T00:00:00.000,2017-02-26T00:00:00.000,2017-02-26T00:00:00.000,12:06,2017-02-26T12:06:00.000,ABA,700 Block Of Market St,San Francisco,CA,Premise Address,Withdrawn
1061979,181943168,Passing Call,2018-07-13T00:00:00.000,2018-07-13T00:00:00.000,2018-07-13T00:00:00.000,19:01,2018-07-13T19:01:00.000,HAN,1100 Block Of Fillmore St,San Francisco,CA,Common Location,Pending
58511,192711804,7.2.28,2019-09-28T00:00:00.000,2019-09-28T00:00:00.000,2019-09-28T00:00:00.000,12:31,2019-09-28T12:31:00.000,GOA,1000 Block Of Pacific Av,San Francisco,CA,Premise Address,Pending
1435174,180240349,Homeless Complaint,2018-01-24T00:00:00.000,2018-01-24T00:00:00.000,2018-01-24T00:00:00.000,05:09,2018-01-24T05:09:00.000,ND,0 Block Of New Montgomery St,San Francisco,CA,Common Location,Closed
2884757,161233395,Meet W/citizen,2016-05-02T00:00:00.000,2016-05-02T00:00:00.000,2016-05-02T00:00:00.000,19:30,2016-05-02T19:30:00.000,HAN,0 Block Of Richardson Av,San Francisco,CA,Premise Address,Closed
1320869,180752771,Vehicle Alarm,2018-03-16T00:00:00.000,2018-03-16T00:00:00.000,2018-03-16T00:00:00.000,16:34,2018-03-16T16:34:00.000,HAN,22nd Av/lincoln Wy,San Francisco,CA,Intersection,Pending
2591447,162523817,Fight No Weapon,2016-09-08T00:00:00.000,2016-09-08T00:00:00.000,2016-09-08T00:00:00.000,20:29,2016-09-08T20:29:00.000,ABA,100 Block Of Mcallister St,San Francisco,CA,Premise Address,Pending
2453581,163093825,Poss,2016-11-04T00:00:00.000,2016-11-04T00:00:00.000,2016-11-04T00:00:00.000,20:58,2016-11-04T20:58:00.000,NOM,Silver Av/san Bruno Av,San Francisco,CA,Intersection,Closed
1549371,173371814,Homeless Complaint,2017-12-03T00:00:00.000,2017-12-03T00:00:00.000,2017-12-03T00:00:00.000,13:07,2017-12-03T13:07:00.000,HAN,10th Av/clement St,San Francisco,CA,Intersection,Pending
1058065,181962379,Burglary,2018-07-15T00:00:00.000,2018-07-15T00:00:00.000,2018-07-15T00:00:00.000,16:21,2018-07-15T16:21:00.000,GOA,500 Block Of Avenue M,Treasure Isla,CA,Common Location,Pending
1750651,172494315,Homeless Complaint,2017-09-06T00:00:00.000,2017-09-06T00:00:00.000,2017-09-06T00:00:00.000,21:38,2017-09-06T21:38:00.000,GOA,700 Block Of Ellis St,San Francisco,CA,Premise Address,Pending
1120230,181661172,Passing Call,2018-06-15T00:00:00.000,2018-06-15T00:00:00.000,2018-06-15T00:00:00.000,10:11,2018-06-15T10:11:00.000,HAN,2000 Block Of Market St,San Francisco,CA,Premise Address,Closed
790968,183134437,Traffic Stop,2018-11-09T00:00:00.000,2018-11-09T00:00:00.000,2018-11-09T00:00:00.000,23:38,2018-11-09T23:38:00.000,ADV,7th St/harrison St,San Francisco,CA,Intersection,Closed
2559395,162654749,Traffic Stop,2016-09-21T00:00:00.000,2016-09-21T00:00:00.000,2016-09-21T00:00:00.000,23:17,2016-09-21T23:17:00.000,CIT,Larkin St/pacific Av,San Francisco,CA,Intersection,Pending
568880,190524109,Suspicious Vehicle,2019-02-21T00:00:00.000,2019-02-21T00:00:00.000,2019-02-21T00:00:00.000,22:07,2019-02-21T22:07:00.000,CIT,400 Block Of Alabama St,San Francisco,CA,Premise Address,Pending
1130956,181603373,Mentally Disturbed,2018-06-09T00:00:00.000,2018-06-09T00:00:00.000,2018-06-09T00:00:00.000,21:48,2018-06-09T21:48:00.000,HAN,9th Av/kirkham St,San Francisco,CA,Intersection,Pending
2045050,171243986,Passing Call,2017-05-04T00:00:00.000,2017-05-04T00:00:00.000,2017-05-04T00:00:00.000,22:23,2017-05-04T22:23:00.000,Not recorded,554 39th Ave,,CA,Geo-Override,Pending
1547827,173380893,22500e,2017-12-04T00:00:00.000,2017-12-04T00:00:00.000,2017-12-04T00:00:00.000,08:33,2017-12-04T08:33:00.000,GOA,0 Block Of Cervantes Bl,San Francisco,CA,Premise Address,Closed
1122265,181650996,Passing Call,2018-06-14T00:00:00.000,2018-06-14T00:00:00.000,2018-06-14T00:00:00.000,09:26,2018-06-14T09:26:00.000,HAN,University St/woolsey St,San Francisco,CA,Intersection,Withdrawn
2271392,170273915,Homeless Complaint,2017-01-27T00:00:00.000,2017-01-27T00:00:00.000,2017-01-27T00:00:00.000,22:29,2017-01-27T22:29:00.000,ADV,2300 Block Of Francisco St,San Francisco,CA,Premise Address,Closed
1506048,173560513,Encampment,2017-12-22T00:00:00.000,2017-12-22T00:00:00.000,2017-12-22T00:00:00.000,06:34,2017-12-22T06:34:00.000,HAN,100 Block Of Russ St,San Francisco,CA,Premise Address,Closed
141640,192371961,Passing Call,2019-08-25T00:00:00.000,2019-08-25T00:00:00.000,2019-08-25T00:00:00.000,13:15,2019-08-25T13:15:00.000,HAN,3100 Block Of Kamille Ct,San Francisco,CA,Common Location,Pending
1316420,180772687,Muni Inspection,2018-03-18T00:00:00.000,2018-03-18T00:00:00.000,2018-03-18T00:00:00.000,17:42,2018-03-18T17:42:00.000,Not recorded,The Embarcadero Sou/harrison St,San Francisco,CA,Intersection,Pending
974685,182343799,Traf Violation Tow,2018-08-22T00:00:00.000,2018-08-22T00:00:00.000,2018-08-22T00:00:00.000,20:17,2018-08-22T20:17:00.000,GOA,200 Block Of Carl St,San Francisco,CA,Premise Address,Closed
932499,182533864,Noise Nuisance,2018-09-10T00:00:00.000,2018-09-10T00:00:00.000,2018-09-10T00:00:00.000,21:39,2018-09-10T21:39:00.000,CAN,3500 Block Of Market St,San Francisco,CA,Premise Address,Closed
1506243,173560105,Traffic Stop,2017-12-22T00:00:00.000,2017-12-22T00:00:00.000,2017-12-22T00:00:00.000,00:58,2017-12-22T00:58:00.000,CIT,4th Av/anza St,San Francisco,CA,Intersection,Withdrawn
1094647,181783871,Caser,2018-06-27T00:00:00.000,2018-06-27T00:00:00.000,2018-06-27T00:00:00.000,22:39,2018-06-27T22:39:00.000,GOA,Clay St/kearny St,San Francisco,CA,Intersection,Closed
1719631,172623257,Well Being Check,2017-09-19T00:00:00.000,2017-09-19T00:00:00.000,2017-09-19T00:00:00.000,18:16,2017-09-19T18:16:00.000,UTL,2000 Block Of Oak St,San Francisco,CA,Premise Address,Closed
1956400,171612982,22500e,2017-06-10T00:00:00.000,2017-06-10T00:00:00.000,2017-06-10T00:00:00.000,18:50,2017-06-10T18:50:00.000,CIT,1800 Block Of Laguna St,San Francisco,CA,Premise Address,Pending
622214,190282436,Petty Theft,2019-01-28T00:00:00.000,2019-01-28T00:00:00.000,2019-01-28T00:00:00.000,15:19,2019-01-28T15:19:00.000,GOA,200 Block Of Eddy St,San Francisco,CA,Premise Address,Closed
2194292,170613129,Passing Call,2017-03-02T00:00:00.000,2017-03-02T00:00:00.000,2017-03-02T00:00:00.000,17:45,2017-03-02T17:45:00.000,HAN,Market St/cyril Magnin St,San Francisco,CA,Intersection,Closed
1632950,173000602,Trespasser,2017-10-27T00:00:00.000,2017-10-27T00:00:00.000,2017-10-27T00:00:00.000,06:18,2017-10-27T06:18:00.000,GOA,400 Block Of Grove St,San Francisco,CA,Premise Address,Closed
1058232,181962071,Recover Missing Veh,2018-07-15T00:00:00.000,2018-07-15T00:00:00.000,2018-07-15T00:00:00.000,14:56,2018-07-15T14:56:00.000,HAN,2000 Block Of 28th Av,San Francisco,CA,Premise Address,Pending
2689922,162100573,518,2016-07-28T00:00:00.000,2016-07-28T00:00:00.000,2016-07-28T00:00:00.000,07:16,2016-07-28T07:16:00.000,22,Palou Av/dorman Av,San Francisco,CA,Intersection,Closed
2881793,161250606,Dw,2016-05-04T00:00:00.000,2016-05-04T00:00:00.000,2016-05-04T00:00:00.000,07:26,2016-05-04T07:26:00.000,CAN,100 Block Of Bruce Av,San Francisco,CA,Premise Address,Closed
1983923,171500671,915,2017-05-30T00:00:00.000,2017-05-30T00:00:00.000,2017-05-30T00:00:00.000,07:45,2017-05-30T07:45:00.000,UTL,3500 Block Of 16th St,San Francisco,CA,Premise Address,Closed
1310129,180802902,22500e,2018-03-21T00:00:00.000,2018-03-21T00:00:00.000,2018-03-21T00:00:00.000,16:55,2018-03-21T16:55:00.000,CIT,500 Block Of London St,San Francisco,CA,Premise Address,Closed
326914,191583347,Drinking,2019-06-07T00:00:00.000,2019-06-07T00:00:00.000,2019-06-07T00:00:00.000,18:50,2019-06-07T18:50:00.000,UTL,500 Block Of Ofarrell St,San Francisco,CA,Premise Address,Pending
410059,191221424,Suspicious Person,2019-05-02T00:00:00.000,2019-05-02T00:00:00.000,2019-05-02T00:00:00.000,10:54,2019-05-02T10:54:00.000,GOA,Drumm St/market St,San Francisco,CA,Intersection,Withdrawn
2527720,162783764,Traffic Stop,2016-10-04T00:00:00.000,2016-10-04T00:00:00.000,2016-10-04T00:00:00.000,20:01,2016-10-04T20:01:00.000,HAN,11th St/mission St,San Francisco,CA,Intersection,Withdrawn
1783658,172354112,Casing,2017-08-23T00:00:00.000,2017-08-23T00:00:00.000,2017-08-23T00:00:00.000,21:15,2017-08-23T21:15:00.000,HAN,Divisadero St/ofarrell St,San Francisco,CA,Intersection,Closed
2608214,162453691,Traffic Stop,2016-09-01T00:00:00.000,2016-09-01T00:00:00.000,2016-09-01T00:00:00.000,20:31,2016-09-01T20:31:00.000,ADV,Pacific Av/grant Av,San Francisco,CA,Intersection,Pending
2882650,161243099,Silent Alarm,2016-05-03T00:00:00.000,2016-05-03T00:00:00.000,2016-05-03T00:00:00.000,18:37,2016-05-03T18:37:00.000,PAS,700 Block Of Sansome St,San Francisco,CA,Premise Address,Pending
2051257,171221134,Passing Call,2017-05-02T00:00:00.000,2017-05-02T00:00:00.000,2017-05-02T00:00:00.000,09:48,2017-05-02T09:48:00.000,Not recorded,600 Block Of Beach St,San Francisco,CA,Common Location,Closed
377349,191362761,Rep,2019-05-16T00:00:00.000,2019-05-16T00:00:00.000,2019-05-16T00:00:00.000,17:09,2019-05-16T17:09:00.000,HAN,1400 Block Of Haight St,San Francisco,CA,Premise Address,Pending
2094270,171034205,Auto Boost / Strip,2017-04-13T00:00:00.000,2017-04-13T00:00:00.000,2017-04-13T00:00:00.000,22:08,2017-04-13T22:08:00.000,REP,Golden Gate Av/laguna St,San Francisco,CA,Intersection,Closed
1011968,182180759,Passing Call,2018-08-06T00:00:00.000,2018-08-06T00:00:00.000,2018-08-06T00:00:00.000,08:36,2018-08-06T08:36:00.000,HAN,Hampshire St/17th St,San Francisco,CA,Intersection,Pending
1918544,171782950,Traffic Stop,2017-06-27T00:00:00.000,2017-06-27T00:00:00.000,2017-06-27T00:00:00.000,17:59,2017-06-27T17:59:00.000,CIT,San Jose Av/santa Ynez Av,San Francisco,CA,Intersection,Pending
2767878,161744011,Psych Eval / Hold,2016-06-22T00:00:00.000,2016-06-22T00:00:00.000,2016-06-22T00:00:00.000,22:07,2016-06-22T22:07:00.000,HAN,800 Block Of Buena Vista Av W,San Francisco,CA,Premise Address,Pending
645537,190181309,Passing Call,2019-01-18T00:00:00.000,2019-01-18T00:00:00.000,2019-01-18T00:00:00.000,10:35,2019-01-18T10:35:00.000,HAN,Lombard St/larkin St,San Francisco,CA,Intersection,Pending
86135,192601213,Passing Call,2019-09-17T00:00:00.000,2019-09-17T00:00:00.000,2019-09-17T00:00:00.000,09:56,2019-09-17T09:56:00.000,Not recorded,18th St/castro St,San Francisco,CA,Intersection,Closed
1945357,171663700,22500e/7.2.25,2017-06-15T00:00:00.000,2017-06-15T00:00:00.000,2017-06-15T00:00:00.000,20:09,2017-06-15T20:09:00.000,CAN,100 Block Of Rudden Av,San Francisco,CA,Premise Address,Closed
2877712,161263536,Well Being Check,2016-05-05T00:00:00.000,2016-05-05T00:00:00.000,2016-05-05T00:00:00.000,19:33,2016-05-05T19:33:00.000,ADV,400 Block Of Divisadero St,San Francisco,CA,Premise Address,Closed
1033617,182073731,Casing,2018-07-26T00:00:00.000,2018-07-26T00:00:00.000,2018-07-26T00:00:00.000,21:40,2018-07-26T21:40:00.000,ND,Innes Av/earl St,San Francisco,CA,Intersection,Closed
1704887,172684023,Suspicious Person,2017-09-25T00:00:00.000,2017-09-25T00:00:00.000,2017-09-25T00:00:00.000,20:55,2017-09-25T20:55:00.000,ND,4400 Block Of Mission St,San Francisco,CA,Premise Address,Pending
2148761,170802855,Muni Inspection,2017-03-21T00:00:00.000,2017-03-21T00:00:00.000,2017-03-21T00:00:00.000,16:45,2017-03-21T16:45:00.000,HAN,San Bruno Av/bacon St,San Francisco,CA,Intersection,Withdrawn
2846087,161402286,22500l,2016-05-19T00:00:00.000,2016-05-19T00:00:00.000,2016-05-19T00:00:00.000,14:35,2016-05-19T14:35:00.000,CIT,16th St/capp St,San Francisco,CA,Intersection,Withdrawn
397160,191273745,Noise Nuisance,2019-05-07T00:00:00.000,2019-05-07T00:00:00.000,2019-05-07T00:00:00.000,21:04,2019-05-07T21:04:00.000,ADV,0 Block Of Bernal Heights Bl,San Francisco,CA,Common Location,Pending
2123305,170911560,Homeless Complaint,2017-04-01T00:00:00.000,2017-04-01T00:00:00.000,2017-04-01T00:00:00.000,11:30,2017-04-01T11:30:00.000,CIT,400 Block Of Jones St,San Francisco,CA,Premise Address,Closed
848357,182892631,Petty Theft,2018-10-16T00:00:00.000,2018-10-16T00:00:00.000,2018-10-16T00:00:00.000,16:30,2018-10-16T16:30:00.000,UTL,1700 Block Of Newcomb Av,San Francisco,CA,Premise Address,Closed
1636694,172983069,Assault / Battery,2017-10-25T00:00:00.000,2017-10-25T00:00:00.000,2017-10-25T00:00:00.000,16:56,2017-10-25T16:56:00.000,GOA,800 Block Of Market St,San Francisco,CA,Premise Address,Closed
711960,183510704,7.2.46,2018-12-17T00:00:00.000,2018-12-17T00:00:00.000,2018-12-17T00:00:00.000,07:56,2018-12-17T07:56:00.000,CAN,1100 Block Of Green St,San Francisco,CA,Premise Address,Closed
405001,191242291,Person Down,2019-05-04T00:00:00.000,2019-05-04T00:00:00.000,2019-05-04T00:00:00.000,15:46,2019-05-04T15:46:00.000,HAN,900 Block Of Market St,San Francisco,CA,Common Location,Closed
2705723,162023354,At Risk,2016-07-20T00:00:00.000,2016-07-20T00:00:00.000,2016-07-20T00:00:00.000,19:49,2016-07-20T19:49:00.000,REP,500 Block Of Clementina St,San Francisco,CA,Premise Address,Pending
116677,192474612,Traffic Stop,2019-09-04T00:00:00.000,2019-09-04T00:00:00.000,2019-09-04T00:00:00.000,22:34,2019-09-04T22:34:00.000,ND,19th St/san Carlos St,San Francisco,CA,Intersection,Closed
1182479,181363542,Traf Violation Tow,2018-05-16T00:00:00.000,2018-05-16T00:00:00.000,2018-05-16T00:00:00.000,19:11,2018-05-16T19:11:00.000,CIT,700 Block Of Filbert St,San Francisco,CA,Premise Address,Closed
2561295,162651251,Drugs,2016-09-21T00:00:00.000,2016-09-21T00:00:00.000,2016-09-21T00:00:00.000,09:29,2016-09-21T09:29:00.000,GOA,Oak St/baker St,San Francisco,CA,Intersection,Closed
714200,183500109,Noise Nuisance,2018-12-16T00:00:00.000,2018-12-16T00:00:00.000,2018-12-16T00:00:00.000,00:36,2018-12-16T00:36:00.000,NOM,1200 Block Of Connecticut St,San Francisco,CA,Premise Address,Closed
1563538,173310193,Mentally Disturbed,2017-11-27T00:00:00.000,2017-11-27T00:00:00.000,2017-11-27T00:00:00.000,02:19,2017-11-27T02:19:00.000,UTL,4000 Block Of 23rd St,San Francisco,CA,Premise Address,Closed
2414059,163271411,Passing Call,2016-11-22T00:00:00.000,2016-11-22T00:00:00.000,2016-11-22T00:00:00.000,11:28,2016-11-22T11:28:00.000,HAN,16th St/mission St,San Francisco,CA,Intersection,Withdrawn
2032699,171300674,Tent,2017-05-10T00:00:00.000,2017-05-10T00:00:00.000,2017-05-10T00:00:00.000,07:53,2017-05-10T07:53:00.000,ADV,Block Of Kearny St,San Francisco,CA,Premise Address,Closed
1812471,172240431,Wanted Vehicle / Sub,2017-08-12T00:00:00.000,2017-08-12T00:00:00.000,2017-08-12T00:00:00.000,03:30,2017-08-12T03:30:00.000,HAN,Hyde St/golden Gate Av,San Francisco,CA,Intersection,Pending
2762138,161771266,Fire,2016-06-25T00:00:00.000,2016-06-25T00:00:00.000,2016-06-25T00:00:00.000,10:01,2016-06-25T10:01:00.000,HAN,300 Block Of Nevada St,San Francisco,CA,Premise Address,Pending
405704,191240971,Passing Call,2019-05-04T00:00:00.000,2019-05-04T00:00:00.000,2019-05-04T00:00:00.000,09:10,2019-05-04T09:10:00.000,REP,500 Blk Jefferson St,San Francisco,CA,Geo-Override,Pending
2821775,161511008,Robbery,2016-05-30T00:00:00.000,2016-05-30T00:00:00.000,2016-05-30T00:00:00.000,09:49,2016-05-30T09:49:00.000,HAN,500 Block Of Florida St,San Francisco,CA,Premise Address,Closed
155603,192314025,Passing Call,2019-08-19T00:00:00.000,2019-08-19T00:00:00.000,2019-08-19T00:00:00.000,20:38,2019-08-19T20:38:00.000,Not recorded,24th St Corridor,,CA,Geo-Override,Pending
91063,192580610,Trespasser,2019-09-15T00:00:00.000,2019-09-15T00:00:00.000,2019-09-15T00:00:00.000,05:50,2019-09-15T05:50:00.000,ADV,300 Block Of King St,San Francisco,CA,Premise Address,Pending
542386,190653055,Traffic Stop,2019-03-06T00:00:00.000,2019-03-06T00:00:00.000,2019-03-06T00:00:00.000,17:13,2019-03-06T17:13:00.000,ADV,Haight St/stanyan St,San Francisco,CA,Intersection,Closed
465001,190990419,Burglary,2019-04-09T00:00:00.000,2019-04-09T00:00:00.000,2019-04-09T00:00:00.000,05:35,2019-04-09T05:35:00.000,HAN,Geary St/stockton St,San Francisco,CA,Intersection,Closed
2491993,162933024,Passing Call,2016-10-19T00:00:00.000,2016-10-19T00:00:00.000,2016-10-19T00:00:00.000,16:38,2016-10-19T16:38:00.000,HAN,3rd St/quesada Av,San Francisco,CA,Intersection,Withdrawn
1092099,181800519,Sleepers,2018-06-29T00:00:00.000,2018-06-29T00:00:00.000,2018-06-29T00:00:00.000,06:27,2018-06-29T06:27:00.000,ADV,200 Block Of Post St,San Francisco,CA,Premise Address,Pending
1308611,180811832,Verbal,2018-03-22T00:00:00.000,2018-03-22T00:00:00.000,2018-03-22T00:00:00.000,12:50,2018-03-22T12:50:00.000,HAN,100 Block Of Loomis St,San Francisco,CA,Premise Address,Closed
1666440,172850628,Homeless Complaint,2017-10-12T00:00:00.000,2017-10-12T00:00:00.000,2017-10-12T00:00:00.000,07:47,2017-10-12T07:47:00.000,ADV,Potrero Av/brannan St,San Francisco,CA,Intersection,Pending
1352643,180604146,Suspicious Person,2018-03-01T00:00:00.000,2018-03-01T00:00:00.000,2018-03-01T00:00:00.000,23:11,2018-03-01T23:11:00.000,ADV,Geneva Av/alemany Bl,San Francisco,CA,Intersection,Pending
2448757,163120106,Assault / Battery,2016-11-07T00:00:00.000,2016-11-07T00:00:00.000,2016-11-07T00:00:00.000,00:54,2016-11-07T00:54:00.000,ND,3000 Block Of Mission St,San Francisco,CA,Premise Address,Pending
689608,183621559,Family,2018-12-28T00:00:00.000,2018-12-28T00:00:00.000,2018-12-28T00:00:00.000,12:37,2018-12-28T12:37:00.000,REP,700 Block Of Francisco St,San Francisco,CA,Premise Address,Withdrawn
2417233,163253463,Traffic Stop,2016-11-20T00:00:00.000,2016-11-20T00:00:00.000,2016-11-20T00:00:00.000,21:05,2016-11-20T21:05:00.000,ND,Capp St/23rd St,San Francisco,CA,Intersection,Pending
921990,182580961,Mentally Disturbed,2018-09-15T00:00:00.000,2018-09-15T00:00:00.000,2018-09-15T00:00:00.000,09:17,2018-09-15T09:17:00.000,GOA,200 Block Of West Portal Av,San Francisco,CA,Premise Address,Closed
1221198,181201928,Traffic Stop,2018-04-30T00:00:00.000,2018-04-30T00:00:00.000,2018-04-30T00:00:00.000,13:32,2018-04-30T13:32:00.000,CIT,6th St/market St,San Francisco,CA,Intersection,Pending
2904742,161151698,Traffic Stop,2016-04-24T00:00:00.000,2016-04-24T00:00:00.000,2016-04-24T00:00:00.000,13:12,2016-04-24T13:12:00.000,CIT,Franklin St/lily St,San Francisco,CA,Intersection,Closed
887598,182730205,Passing Call,2018-09-30T00:00:00.000,2018-09-30T00:00:00.000,2018-09-30T00:00:00.000,01:22,2018-09-30T01:22:00.000,HAN,100 Block Of Rivas Av,San Francisco,CA,Premise Address,Closed
2498628,162903522,Traffic Stop,2016-10-16T00:00:00.000,2016-10-16T00:00:00.000,2016-10-16T00:00:00.000,22:03,2016-10-16T22:03:00.000,CIT,17th St/corbin Pl,San Francisco,CA,Intersection,Closed
1787935,172341197,Suicide Attempt,2017-08-22T00:00:00.000,2017-08-22T00:00:00.000,2017-08-22T00:00:00.000,09:11,2017-08-22T09:11:00.000,NOM,200 Block Of Ashbury St,San Francisco,CA,Premise Address,Pending
2281264,170232445,Passing Call,2017-01-23T00:00:00.000,2017-01-23T00:00:00.000,2017-01-23T00:00:00.000,16:13,2017-01-23T16:13:00.000,Not recorded,200 Blk Leavenworth St,San Francisco,CA,Geo-Override,Pending
135230,192400679,Suspicious Vehicle,2019-08-28T00:00:00.000,2019-08-28T00:00:00.000,2019-08-28T00:00:00.000,07:36,2019-08-28T07:36:00.000,CIT,100 Block Of Anzavista Av,San Francisco,CA,Premise Address,Pending
62945,192693203,Passing Call,2019-09-26T00:00:00.000,2019-09-26T00:00:00.000,2019-09-26T00:00:00.000,16:56,2019-09-26T16:56:00.000,Not recorded,Hemlock St/polk St,San Francisco,CA,Intersection,Pending
1138212,181571280,Trespasser,2018-06-06T00:00:00.000,2018-06-06T00:00:00.000,2018-06-06T00:00:00.000,10:35,2018-06-06T10:35:00.000,ADV,0 Block Of Patton St,San Francisco,CA,Premise Address,Pending
2873006,161283263,Homeless Complaint,2016-05-07T00:00:00.000,2016-05-07T00:00:00.000,2016-05-07T00:00:00.000,20:17,2016-05-07T20:17:00.000,ADV,600 Block Of Geary St,San Francisco,CA,Premise Address,Closed
2202933,170580285,Traffic Stop,2017-02-27T00:00:00.000,2017-02-27T00:00:00.000,2017-02-27T00:00:00.000,03:50,2017-02-27T03:50:00.000,ADV,Van Ness Av/geary Bl,San Francisco,CA,Intersection,Closed
2499310,162902364,Vandalism,2016-10-16T00:00:00.000,2016-10-16T00:00:00.000,2016-10-16T00:00:00.000,16:47,2016-10-16T16:47:00.000,ABA,100 Block Of Hagiwara Tea Garden Dr,San Francisco,CA,Common Location,Withdrawn
1009717,182190762,Traf Violation Tow,2018-08-07T00:00:00.000,2018-08-07T00:00:00.000,2018-08-07T00:00:00.000,08:38,2018-08-07T08:38:00.000,HAN,200 Block Of Vienna St,San Francisco,CA,Premise Address,Withdrawn
19128,192873654,Susp/rep,2019-10-14T00:00:00.000,2019-10-14T00:00:00.000,2019-10-14T00:00:00.000,21:00,2019-10-14T21:00:00.000,REP,1900 Block Of 23rd St,San Francisco,CA,Premise Address,Pending
2912028,161121734,Audible Alarm,2016-04-21T00:00:00.000,2016-04-21T00:00:00.000,2016-04-21T00:00:00.000,12:19,2016-04-21T12:19:00.000,HAN,800 Block Of 26th Av,San Francisco,CA,Premise Address,Pending
243876,191943021,22500f,2019-07-13T00:00:00.000,2019-07-13T00:00:00.000,2019-07-13T00:00:00.000,17:29,2019-07-13T17:29:00.000,CIT,100 Block Of Madrid St,San Francisco,CA,Premise Address,Closed
1589311,173184195,Person W/knife,2017-11-14T00:00:00.000,2017-11-14T00:00:00.000,2017-11-14T00:00:00.000,22:44,2017-11-14T22:44:00.000,GOA,300 Block Of Turk St,San Francisco,CA,Premise Address,Closed
2715613,161980625,Noise Nuisance,2016-07-16T00:00:00.000,2016-07-16T00:00:00.000,2016-07-16T00:00:00.000,05:53,2016-07-16T05:53:00.000,GOA,2500 Block Of Fillmore St,San Francisco,CA,Premise Address,Pending
782714,183173569,22500e,2018-11-13T00:00:00.000,2018-11-13T00:00:00.000,2018-11-13T00:00:00.000,20:45,2018-11-13T20:45:00.000,CIT,600 Block Of 22nd Av,San Francisco,CA,Premise Address,Pending
1521642,173490568,Muni Inspection,2017-12-15T00:00:00.000,2017-12-15T00:00:00.000,2017-12-15T00:00:00.000,07:01,2017-12-15T07:01:00.000,Not recorded,22nd Av/irving St,San Francisco,CA,Intersection,Closed
2060758,171180479,Traffic Stop,2017-04-28T00:00:00.000,2017-04-28T00:00:00.000,2017-04-28T00:00:00.000,06:55,2017-04-28T06:55:00.000,CIT,1500 Block Of Yosemite Av,San Francisco,CA,Premise Address,Closed
1452873,180160207,Meet W/citizen,2018-01-16T00:00:00.000,2018-01-16T00:00:00.000,2018-01-16T00:00:00.000,01:55,2018-01-16T01:55:00.000,HAN,Geary Bl/33rd Av,San Francisco,CA,Intersection,Pending
1790025,172331959,Suspicious Person,2017-08-21T00:00:00.000,2017-08-21T00:00:00.000,2017-08-21T00:00:00.000,12:24,2017-08-21T12:24:00.000,HAN,Buena Vista Av W/haight St,San Francisco,CA,Intersection,Pending
232010,191993056,Drugs,2019-07-18T00:00:00.000,2019-07-18T00:00:00.000,2019-07-18T00:00:00.000,17:32,2019-07-18T17:32:00.000,ADV,1100 Block Of Market St,San Francisco,CA,Premise Address,Pending
886644,182732050,Traf Violation Cite,2018-09-30T00:00:00.000,2018-09-30T00:00:00.000,2018-09-30T00:00:00.000,14:40,2018-09-30T14:40:00.000,CIT,400 Block Of Brazil Av,San Francisco,CA,Premise Address,Pending
2894832,161192422,Homeless Complaint,2016-04-28T00:00:00.000,2016-04-28T00:00:00.000,2016-04-28T00:00:00.000,15:01,2016-04-28T15:01:00.000,GOA,100 Block Of Landers St,San Francisco,CA,Premise Address,Pending
289575,191751574,Auto Boost / Strip,2019-06-24T00:00:00.000,2019-06-24T00:00:00.000,2019-06-24T00:00:00.000,12:27,2019-06-24T12:27:00.000,REP,Bernal Heights Bl/folsom St,San Francisco,CA,Intersection,Pending
1667095,172843737,Passing Call,2017-10-11T00:00:00.000,2017-10-11T00:00:00.000,2017-10-11T00:00:00.000,20:15,2017-10-11T20:15:00.000,ND,16th St/hoff St,San Francisco,CA,Intersection,Closed
2222095,170492564,Traffic Stop,2017-02-18T00:00:00.000,2017-02-18T00:00:00.000,2017-02-18T00:00:00.000,16:00,2017-02-18T16:00:00.000,CIT,17th St/mission St,San Francisco,CA,Intersection,Closed
2139018,170843621,Trespasser,2017-03-25T00:00:00.000,2017-03-25T00:00:00.000,2017-03-25T00:00:00.000,22:15,2017-03-25T22:15:00.000,ADV,800 Block Of Ellis St,San Francisco,CA,Premise Address,Pending
1027523,182103297,Noise Nuisance,2018-07-29T00:00:00.000,2018-07-29T00:00:00.000,2018-07-29T00:00:00.000,22:43,2018-07-29T22:43:00.000,GOA,Powell St/california St,San Francisco,CA,Intersection,Pending
2388383,163391227,Audible Alarm,2016-12-04T00:00:00.000,2016-12-04T00:00:00.000,2016-12-04T00:00:00.000,10:35,2016-12-04T10:35:00.000,PAS,600 Block Of Florida St,San Francisco,CA,Premise Address,Pending
2581638,162570482,Np,2016-09-13T00:00:00.000,2016-09-13T00:00:00.000,2016-09-13T00:00:00.000,06:30,2016-09-13T06:30:00.000,CIT,700 Block Of Anderson St,San Francisco,CA,Premise Address,Pending
715576,183491685,Suspicious Person,2018-12-15T00:00:00.000,2018-12-15T00:00:00.000,2018-12-15T00:00:00.000,12:45,2018-12-15T12:45:00.000,ADV,21st St/potrero Av,San Francisco,CA,Intersection,Closed
1588359,173191578,Missing Adult,2017-11-15T00:00:00.000,2017-11-15T00:00:00.000,2017-11-15T00:00:00.000,11:27,2017-11-15T11:27:00.000,REP,800 Block Of Buena Vista Av W,San Francisco,CA,Premise Address,Pending
749902,183333284,Traffic Stop,2018-11-29T00:00:00.000,2018-11-29T00:00:00.000,2018-11-29T00:00:00.000,18:56,2018-11-29T18:56:00.000,CIT,Lawton St/11th Av,San Francisco,CA,Intersection,Pending
1836418,172141477,22500e,2017-08-02T00:00:00.000,2017-08-02T00:00:00.000,2017-08-02T00:00:00.000,11:05,2017-08-02T11:05:00.000,CIT,200 Block Of Highland Av,San Francisco,CA,Premise Address,Pending
2201768,170582588,518,2017-02-27T00:00:00.000,2017-02-27T00:00:00.000,2017-02-27T00:00:00.000,16:04,2017-02-27T16:04:00.000,ND,Capp St/16th St,San Francisco,CA,Intersection,Closed
56060,192722056,Vandalism,2019-09-29T00:00:00.000,2019-09-29T00:00:00.000,2019-09-29T00:00:00.000,13:39,2019-09-29T13:39:00.000,HAN,400 Block Of Jones St,San Francisco,CA,Premise Address,Pending
2122001,170913854,152 Poss,2017-04-01T00:00:00.000,2017-04-01T00:00:00.000,2017-04-01T00:00:00.000,20:47,2017-04-01T20:47:00.000,ADV,Pine St/octavia St,San Francisco,CA,Intersection,Pending
764061,183270517,Suspicious Vehicle,2018-11-23T00:00:00.000,2018-11-23T00:00:00.000,2018-11-23T00:00:00.000,07:15,2018-11-23T07:15:00.000,HAN,Shotwell St/16th St,San Francisco,CA,Intersection,Closed
1270989,180982663,22500e,2018-04-08T00:00:00.000,2018-04-08T00:00:00.000,2018-04-08T00:00:00.000,17:37,2018-04-08T17:37:00.000,HAN,3200 Block Of 16th St,San Francisco,CA,Premise Address,Pending
26644,192842580,Mentally Disturbed,2019-10-11T00:00:00.000,2019-10-11T00:00:00.000,2019-10-11T00:00:00.000,15:20,2019-10-11T15:20:00.000,HAN,400 Block Of Stockton St,San Francisco,CA,Premise Address,Pending
421188,191172674,Traffic Stop,2019-04-27T00:00:00.000,2019-04-27T00:00:00.000,2019-04-27T00:00:00.000,16:49,2019-04-27T16:49:00.000,ADV,Bertha Ln/hudson Av,San Francisco,CA,Intersection,Closed
2179203,170673897,Ringing Doorbell,2017-03-08T00:00:00.000,2017-03-08T00:00:00.000,2017-03-08T00:00:00.000,20:41,2017-03-08T20:41:00.000,UTL,2400 Block Of Franklin St,San Francisco,CA,Premise Address,Closed
305692,191681120,Suspicious Vehicle,2019-06-17T00:00:00.000,2019-06-17T00:00:00.000,2019-06-17T00:00:00.000,10:00,2019-06-17T10:00:00.000,HAN,200 Block Of Holladay Av,San Francisco,CA,Premise Address,Pending
769841,183240146,Audible Alarm,2018-11-20T00:00:00.000,2018-11-20T00:00:00.000,2018-11-20T00:00:00.000,01:28,2018-11-20T01:28:00.000,PAS,100 Block Of Cerritos Av,San Francisco,CA,Premise Address,Closed
2532059,162770284,Complaint Unkn,2016-10-03T00:00:00.000,2016-10-03T00:00:00.000,2016-10-03T00:00:00.000,02:23,2016-10-03T02:23:00.000,HAN,Baker St/fulton St,San Francisco,CA,Intersection,Pending
2111931,170960310,Suspicious Vehicle,2017-04-06T00:00:00.000,2017-04-06T00:00:00.000,2017-04-06T00:00:00.000,02:40,2017-04-06T02:40:00.000,HAN,16th St/shotwell St,San Francisco,CA,Intersection,Pending
1044012,182030779,Assault / Battery,2018-07-22T00:00:00.000,2018-07-22T00:00:00.000,2018-07-22T00:00:00.000,07:36,2018-07-22T07:36:00.000,HAN,800 Block Of Innes Av,San Francisco,CA,Premise Address,Closed
612308,190323301,22500e,2019-02-01T00:00:00.000,2019-02-01T00:00:00.000,2019-02-01T00:00:00.000,18:52,2019-02-01T18:52:00.000,CIT,800 Block Of 27th Av,San Francisco,CA,Premise Address,Closed
1096219,181780793,22500e,2018-06-27T00:00:00.000,2018-06-27T00:00:00.000,2018-06-27T00:00:00.000,08:45,2018-06-27T08:45:00.000,CIT,3500 Block Of Clay St,San Francisco,CA,Premise Address,Closed
457129,191021497,Stolen Property,2019-04-12T00:00:00.000,2019-04-12T00:00:00.000,2019-04-12T00:00:00.000,11:57,2019-04-12T11:57:00.000,INC,400 Block Of Eddy St,San Francisco,CA,Premise Address,Closed
1393283,180421940,Trespasser,2018-02-11T00:00:00.000,2018-02-11T00:00:00.000,2018-02-11T00:00:00.000,14:16,2018-02-11T14:16:00.000,GOA,1700 Block Of Market St,San Francisco,CA,Premise Address,Pending
2905333,161150723,Petty Theft,2016-04-24T00:00:00.000,2016-04-24T00:00:00.000,2016-04-24T00:00:00.000,07:48,2016-04-24T07:48:00.000,HAN,500 Block Of Clement St,San Francisco,CA,Premise Address,Pending
2417011,163253883,Audible Alarm,2016-11-20T00:00:00.000,2016-11-20T00:00:00.000,2016-11-20T00:00:00.000,23:31,2016-11-20T23:31:00.000,NCR,2000 Block Of Newcomb Av,San Francisco,CA,Premise Address,Pending
685226,183642316,Casing,2018-12-30T00:00:00.000,2018-12-30T00:00:00.000,2018-12-30T00:00:00.000,16:36,2018-12-30T16:36:00.000,UTL,Broadway/leavenworth St,San Francisco,CA,Intersection,Closed
308735,191663110,Passing Call,2019-06-15T00:00:00.000,2019-06-15T00:00:00.000,2019-06-15T00:00:00.000,19:40,2019-06-15T19:40:00.000,HAN,400 Blk Rose St,San Francisco,CA,Geo-Override,Pending
2693233,162082707,Muni Inspection,2016-07-26T00:00:00.000,2016-07-26T00:00:00.000,2016-07-26T00:00:00.000,17:05,2016-07-26T17:05:00.000,HAN,24th St/mission St,San Francisco,CA,Intersection,Closed
1347474,180631403,Traffic Stop,2018-03-04T00:00:00.000,2018-03-04T00:00:00.000,2018-03-04T00:00:00.000,11:46,2018-03-04T11:46:00.000,CIT,2nd St/bryant St,San Francisco,CA,Intersection,Withdrawn
1757245,172470817,22500f,2017-09-04T00:00:00.000,2017-09-04T00:00:00.000,2017-09-04T00:00:00.000,08:13,2017-09-04T08:13:00.000,CIT,200 Block Of Grafton Av,San Francisco,CA,Premise Address,Pending
1083843,181841144,Audible Alarm,2018-07-03T00:00:00.000,2018-07-03T00:00:00.000,2018-07-03T00:00:00.000,10:09,2018-07-03T10:09:00.000,NCR,5500 Block Of Geary Bl,San Francisco,CA,Premise Address,Withdrawn
2109977,170963971,Passing Call,2017-04-06T00:00:00.000,2017-04-06T00:00:00.000,2017-04-06T00:00:00.000,20:28,2017-04-06T20:28:00.000,HAN,0 Block Of Ford St,San Francisco,CA,Premise Address,Pending
2656415,162251418,22500e,2016-08-12T00:00:00.000,2016-08-12T00:00:00.000,2016-08-12T00:00:00.000,11:37,2016-08-12T11:37:00.000,CIT,1600 Block Of Anza St,San Francisco,CA,Premise Address,Withdrawn
252746,191910699,915 Aggressive,2019-07-10T00:00:00.000,2019-07-10T00:00:00.000,2019-07-10T00:00:00.000,07:07,2019-07-10T07:07:00.000,GOA,Beach St/buchanan St,San Francisco,CA,Intersection,Closed
121673,192454143,Traffic Stop,2019-09-02T00:00:00.000,2019-09-02T00:00:00.000,2019-09-02T00:00:00.000,23:38,2019-09-02T23:38:00.000,CIT,9th St/jessie St,San Francisco,CA,Intersection,Closed
729046,183430236,Rep,2018-12-09T00:00:00.000,2018-12-09T00:00:00.000,2018-12-09T00:00:00.000,01:42,2018-12-09T01:42:00.000,HAN,2200 Block Of 31st Av,San Francisco,CA,Premise Address,Closed
2578345,162581347,Passing Call,2016-09-14T00:00:00.000,2016-09-14T00:00:00.000,2016-09-14T00:00:00.000,10:13,2016-09-14T10:13:00.000,Not recorded,Crocker Park,,CA,Geo-Override,Pending
2681683,162140557,Dw,2016-08-01T00:00:00.000,2016-08-01T00:00:00.000,2016-08-01T00:00:00.000,06:54,2016-08-01T06:54:00.000,CIT,0 Block Of Newell St,San Francisco,CA,Premise Address,Closed
1434733,180241132,Person Down,2018-01-24T00:00:00.000,2018-01-24T00:00:00.000,2018-01-24T00:00:00.000,09:53,2018-01-24T09:53:00.000,HAN,400 Block Of Stockton St,San Francisco,CA,Premise Address,Pending
2106425,170981454,Ped,2017-04-08T00:00:00.000,2017-04-08T00:00:00.000,2017-04-08T00:00:00.000,11:42,2017-04-08T11:42:00.000,REP,1400 Block Of Van Ness Av,San Francisco,CA,Premise Address,Pending
1375123,180503253,Homeless Complaint,2018-02-19T00:00:00.000,2018-02-19T00:00:00.000,2018-02-19T00:00:00.000,19:24,2018-02-19T19:24:00.000,ADV,Bryant St/8th St,San Francisco,CA,Intersection,Pending
2051415,171220830,Prisoner Transport,2017-05-02T00:00:00.000,2017-05-02T00:00:00.000,2017-05-02T00:00:00.000,08:30,2017-05-02T08:30:00.000,HAN,400 Block Of 7th St,San Francisco,CA,Common Location,Pending
2560910,162652018,Passing Call,2016-09-21T00:00:00.000,2016-09-21T00:00:00.000,2016-09-21T00:00:00.000,12:22,2016-09-21T12:22:00.000,HAN,1000 Block Of 14th St,San Francisco,CA,Common Location,Pending
430207,191133586,Traf Violation Tow,2019-04-23T00:00:00.000,2019-04-23T00:00:00.000,2019-04-23T00:00:00.000,19:51,2019-04-23T19:51:00.000,ADV,1000 Block Of Natoma St,San Francisco,CA,Premise Address,Closed
2414245,163271034,Homeless Complaint,2016-11-22T00:00:00.000,2016-11-22T00:00:00.000,2016-11-22T00:00:00.000,09:44,2016-11-22T09:44:00.000,HAN,600 Block Of Columbus Av,San Francisco,CA,Common Location,Pending
640576,190201900,In The Middle Of St,2019-01-20T00:00:00.000,2019-01-20T00:00:00.000,2019-01-20T00:00:00.000,14:10,2019-01-20T14:10:00.000,GOA,Guerrero St/camp St,San Francisco,CA,Intersection,Pending
513521,190781643,Passing Call,2019-03-19T00:00:00.000,2019-03-19T00:00:00.000,2019-03-19T00:00:00.000,12:12,2019-03-19T12:12:00.000,HAN,John Muir Dr/skyline Bl,San Francisco,CA,Intersection,Pending
1353135,180603235,22500e,2018-03-01T00:00:00.000,2018-03-01T00:00:00.000,2018-03-01T00:00:00.000,18:35,2018-03-01T18:35:00.000,CAN,2100 Block Of 18th Av,San Francisco,CA,Premise Address,Pending
2837437,161441964,Shots Fired,2016-05-23T00:00:00.000,2016-05-23T00:00:00.000,2016-05-23T00:00:00.000,13:30,2016-05-23T13:30:00.000,Not recorded,300 Block Of Jefferson St,San Francisco,CA,Premise Address,Closed
793865,183123447,Traffic Stop,2018-11-08T00:00:00.000,2018-11-08T00:00:00.000,2018-11-08T00:00:00.000,19:04,2018-11-08T19:04:00.000,CIT,19th Av/ortega St,San Francisco,CA,Intersection,Closed
1200834,181283893,Poss,2018-05-08T00:00:00.000,2018-05-08T00:00:00.000,2018-05-08T00:00:00.000,20:30,2018-05-08T20:30:00.000,GOA,Lilac St/25th St,San Francisco,CA,Intersection,Pending
508170,190803001,Traffic Stop,2019-03-21T00:00:00.000,2019-03-21T00:00:00.000,2019-03-21T00:00:00.000,17:04,2019-03-21T17:04:00.000,CIT,Cambridge St/bacon St,San Francisco,CA,Intersection,Pending
1405310,180370599,Noise Nuisance,2018-02-06T00:00:00.000,2018-02-06T00:00:00.000,2018-02-06T00:00:00.000,07:12,2018-02-06T07:12:00.000,CAN,1600 Block Of Sacramento St,San Francisco,CA,Premise Address,Pending
1899336,171870829,Traffic Stop,2017-07-06T00:00:00.000,2017-07-06T00:00:00.000,2017-07-06T00:00:00.000,08:31,2017-07-06T08:31:00.000,CIT,Great Hy/moraga St,San Francisco,CA,Intersection,Pending
609946,190333293,Fight No Weapon,2019-02-02T00:00:00.000,2019-02-02T00:00:00.000,2019-02-02T00:00:00.000,19:23,2019-02-02T19:23:00.000,REP,0 Block Of United Nations Pz,San Francisco,CA,Common Location,Pending
110200,192502754,Stolen Property,2019-09-07T00:00:00.000,2019-09-07T00:00:00.000,2019-09-07T00:00:00.000,16:20,2019-09-07T16:20:00.000,REP,300 Block Of 11th St,San Francisco,CA,Premise Address,Closed
1616032,173071264,Dw,2017-11-03T00:00:00.000,2017-11-03T00:00:00.000,2017-11-03T00:00:00.000,10:36,2017-11-03T10:36:00.000,CIT,500 Block Of Alabama St,San Francisco,CA,Premise Address,Pending
828778,182981839,J/o,2018-10-25T00:00:00.000,2018-10-25T00:00:00.000,2018-10-25T00:00:00.000,12:40,2018-10-25T12:40:00.000,REP,600 Block Of Cole St,San Francisco,CA,Premise Address,Pending
1137664,181572480,Traffic Stop,2018-06-06T00:00:00.000,2018-06-06T00:00:00.000,2018-06-06T00:00:00.000,15:35,2018-06-06T15:35:00.000,ADV,22nd St/3rd St,San Francisco,CA,Intersection,Closed
2951856,160952406,Passing Call,2016-04-04T00:00:00.000,2016-04-04T00:00:00.000,2016-04-04T00:00:00.000,15:17,2016-04-04T15:17:00.000,Not recorded,1100 Block Of Market St,San Francisco,CA,Premise Address,Closed
1058665,181961275,Stolen Vehicle,2018-07-15T00:00:00.000,2018-07-15T00:00:00.000,2018-07-15T00:00:00.000,11:04,2018-07-15T11:04:00.000,REP,Noriega St/32nd Av,San Francisco,CA,Intersection,Closed
1530786,173451109,22500e,2017-12-11T00:00:00.000,2017-12-11T00:00:00.000,2017-12-11T00:00:00.000,09:26,2017-12-11T09:26:00.000,GOA,0 Block Of Clayton St,San Francisco,CA,Premise Address,Withdrawn
365926,191420103,Passing Call,2019-05-22T00:00:00.000,2019-05-22T00:00:00.000,2019-05-22T00:00:00.000,01:21,2019-05-22T01:21:00.000,Not recorded,100 Block Of Magellan Av,San Francisco,CA,Premise Address,Closed
71148,192661721,Traffic Stop,2019-09-23T00:00:00.000,2019-09-23T00:00:00.000,2019-09-23T00:00:00.000,12:08,2019-09-23T12:08:00.000,ADV,San Jose Av/randall St,San Francisco,CA,Intersection,Pending
996441,182250662,Passing Call,2018-08-13T00:00:00.000,2018-08-13T00:00:00.000,2018-08-13T00:00:00.000,07:57,2018-08-13T07:57:00.000,HAN,2100 Block Of 34th Av,San Francisco,CA,Common Location,Closed
585516,190444017,Trespasser,2019-02-13T00:00:00.000,2019-02-13T00:00:00.000,2019-02-13T00:00:00.000,22:21,2019-02-13T22:21:00.000,GOA,100 Block Of Grove St,San Francisco,CA,Common Location,Pending
1543812,173394213,Passing Call,2017-12-05T00:00:00.000,2017-12-05T00:00:00.000,2017-12-05T00:00:00.000,22:33,2017-12-05T22:33:00.000,HAN,700 Block Of Avenue M,Treasure Isla,CA,Premise Address,Closed
1996116,171450874,Passing Call,2017-05-25T00:00:00.000,2017-05-25T00:00:00.000,2017-05-25T00:00:00.000,08:37,2017-05-25T08:37:00.000,HAN,300 Block Of Turk St,San Francisco,CA,Premise Address,Pending
1493421,173622736,Traffic Stop,2017-12-28T00:00:00.000,2017-12-28T00:00:00.000,2017-12-28T00:00:00.000,16:43,2017-12-28T16:43:00.000,CIT,2nd St/natoma St,San Francisco,CA,Intersection,Closed
1375331,180502894,Fight No Weapon,2018-02-19T00:00:00.000,2018-02-19T00:00:00.000,2018-02-19T00:00:00.000,17:39,2018-02-19T17:39:00.000,HAN,1300 Block Of Howard St,San Francisco,CA,Premise Address,Closed
49980,192744588,22500f,2019-10-01T00:00:00.000,2019-10-01T00:00:00.000,2019-10-01T00:00:00.000,23:39,2019-10-01T23:39:00.000,GOA,1900 Block Of Quint St,San Francisco,CA,Premise Address,Closed
186717,192190283,Noise Nuisance,2019-08-07T00:00:00.000,2019-08-07T00:00:00.000,2019-08-07T00:00:00.000,03:03,2019-08-07T03:03:00.000,UTL,500 Block Of Noe St,San Francisco,CA,Premise Address,Closed
352437,191473480,Noise Nuisance,2019-05-27T00:00:00.000,2019-05-27T00:00:00.000,2019-05-27T00:00:00.000,21:07,2019-05-27T21:07:00.000,UTL,1800 Block Of Taylor St,San Francisco,CA,Premise Address,Closed
2197615,170601718,Traf Violation Cite,2017-03-01T00:00:00.000,2017-03-01T00:00:00.000,2017-03-01T00:00:00.000,11:28,2017-03-01T11:28:00.000,CAN,100 Block Of Linda St,San Francisco,CA,Premise Address,Pending
2817630,161530335,Passing Call,2016-06-01T00:00:00.000,2016-06-01T00:00:00.000,2016-06-01T00:00:00.000,04:01,2016-06-01T04:01:00.000,HAN,200 Block Of Cameron Wy,San Francisco,CA,Common Location,Closed
1243266,181104085,Static,2018-04-20T00:00:00.000,2018-04-20T00:00:00.000,2018-04-20T00:00:00.000,20:53,2018-04-20T20:53:00.000,PAS,900 Block Of Rankin St,San Francisco,CA,Premise Address,Pending
892654,182703916,Return,2018-09-27T00:00:00.000,2018-09-27T00:00:00.000,2018-09-27T00:00:00.000,21:32,2018-09-27T21:32:00.000,ADV,Haight St/belvedere St,San Francisco,CA,Intersection,Closed
2269011,170283965,7.2.42,2017-01-28T00:00:00.000,2017-01-28T00:00:00.000,2017-01-28T00:00:00.000,23:43,2017-01-28T23:43:00.000,HAN,1000 Block Of Turk St,San Francisco,CA,Premise Address,Closed
36943,192801763,Auto Boost / Strip,2019-10-07T00:00:00.000,2019-10-07T00:00:00.000,2019-10-07T00:00:00.000,11:32,2019-10-07T11:32:00.000,REP,Clement St/9th Av,San Francisco,CA,Intersection,Withdrawn
280738,191791453,Vandalism,2019-06-28T00:00:00.000,2019-06-28T00:00:00.000,2019-06-28T00:00:00.000,11:17,2019-06-28T11:17:00.000,HAN,2300 Block Of 24th Av,San Francisco,CA,Common Location,Closed
1493418,173622740,Traffic Stop,2017-12-28T00:00:00.000,2017-12-28T00:00:00.000,2017-12-28T00:00:00.000,16:43,2017-12-28T16:43:00.000,ADV,900 Block Of Ellis St,San Francisco,CA,Premise Address,Closed
580279,190473118,Suspicious Person,2019-02-16T00:00:00.000,2019-02-16T00:00:00.000,2019-02-16T00:00:00.000,20:03,2019-02-16T20:03:00.000,HAN,200 Block Of Ofarrell St,San Francisco,CA,Premise Address,Pending
1147701,181523554,Person Dumping,2018-06-01T00:00:00.000,2018-06-01T00:00:00.000,2018-06-01T00:00:00.000,21:01,2018-06-01T21:01:00.000,GOA,700 Block Of Natoma St,San Francisco,CA,Premise Address,Withdrawn
249481,191921862,Well Being Check,2019-07-11T00:00:00.000,2019-07-11T00:00:00.000,2019-07-11T00:00:00.000,12:09,2019-07-11T12:09:00.000,GOA,100 Block Of Golden Gate Av,San Francisco,CA,Premise Address,Pending
750459,183332295,Traf Violation Cite,2018-11-29T00:00:00.000,2018-11-29T00:00:00.000,2018-11-29T00:00:00.000,14:36,2018-11-29T14:36:00.000,GOA,1900 Block Of 18th Av,San Francisco,CA,Premise Address,Closed
274621,191814013,Verbal,2019-06-30T00:00:00.000,2019-06-30T00:00:00.000,2019-06-30T00:00:00.000,21:40,2019-06-30T21:40:00.000,GOA,1000 Block Of Great Hy,San Francisco,CA,Premise Address,Pending
2394999,163361348,Homeless Complaint,2016-12-01T00:00:00.000,2016-12-01T00:00:00.000,2016-12-01T00:00:00.000,10:47,2016-12-01T10:47:00.000,GOA,900 Block Of Bryant St,San Francisco,CA,Premise Address,Withdrawn
1936581,171703457,Well Being Check,2017-06-19T00:00:00.000,2017-06-19T00:00:00.000,2017-06-19T00:00:00.000,19:53,2017-06-19T19:53:00.000,NOM,Irving St/8th Av,San Francisco,CA,Intersection,Pending
549068,190620803,Traf Violation Cite,2019-03-03T00:00:00.000,2019-03-03T00:00:00.000,2019-03-03T00:00:00.000,08:24,2019-03-03T08:24:00.000,Not recorded,735 France Ave,,CA,Geo-Override,Closed
246876,191931933,Poss,2019-07-12T00:00:00.000,2019-07-12T00:00:00.000,2019-07-12T00:00:00.000,13:02,2019-07-12T13:02:00.000,ND,1400 Block Of Newcomb Av,San Francisco,CA,Premise Address,Pending
382963,191340757,Homeless Complaint,2019-05-14T00:00:00.000,2019-05-14T00:00:00.000,2019-05-14T00:00:00.000,08:23,2019-05-14T08:23:00.000,HAN,1100 Block Of Ofarrell St,San Francisco,CA,Premise Address,Closed
540134,190663135,Muni Inspection,2019-03-07T00:00:00.000,2019-03-07T00:00:00.000,2019-03-07T00:00:00.000,17:23,2019-03-07T17:23:00.000,Not recorded,Mission St/14th St,San Francisco,CA,Intersection,Closed
393059,191292756,Passing Call,2019-05-09T00:00:00.000,2019-05-09T00:00:00.000,2019-05-09T00:00:00.000,16:12,2019-05-09T16:12:00.000,HAN,1000 Block Of The Embarcadero Nor,San Francisco,CA,Common Location,Pending
2632375,162353051,Muni Inspection,2016-08-22T00:00:00.000,2016-08-22T00:00:00.000,2016-08-22T00:00:00.000,18:42,2016-08-22T18:42:00.000,HAN,17th Av/geary Bl,San Francisco,CA,Intersection,Closed
2214942,170530192,Audible Alarm,2017-02-22T00:00:00.000,2017-02-22T00:00:00.000,2017-02-22T00:00:00.000,01:53,2017-02-22T01:53:00.000,NCR,1500 Block Of Bush St,San Francisco,CA,Premise Address,Pending
7256,192923413,Passing Call,2019-10-19T00:00:00.000,2019-10-19T00:00:00.000,2019-10-19T00:00:00.000,20:08,2019-10-19T20:08:00.000,HAN,Market St/jones St,San Francisco,CA,Intersection,Pending
647868,190171107,Traf Violation Tow,2019-01-17T00:00:00.000,2019-01-17T00:00:00.000,2019-01-17T00:00:00.000,09:27,2019-01-17T09:27:00.000,HAN,1200 Block Of 2nd Av,San Francisco,CA,Premise Address,Closed
416146,191193564,Traf Violation Cite,2019-04-29T00:00:00.000,2019-04-29T00:00:00.000,2019-04-29T00:00:00.000,18:51,2019-04-29T18:51:00.000,HAN,100 Block Of Raymond Av,San Francisco,CA,Premise Address,Pending
1319081,180761774,Passing Call,2018-03-17T00:00:00.000,2018-03-17T00:00:00.000,2018-03-17T00:00:00.000,13:50,2018-03-17T13:50:00.000,Not recorded,Oakdale Av/baldwin Ct,San Francisco,CA,Intersection,Pending
778324,183193439,Traf Violation Cite,2018-11-15T00:00:00.000,2018-11-15T00:00:00.000,2018-11-15T00:00:00.000,19:17,2018-11-15T19:17:00.000,GOA,0 Block Of Alvarado St,San Francisco,CA,Premise Address,Withdrawn
2061463,171173630,Traffic Stop,2017-04-27T00:00:00.000,2017-04-27T00:00:00.000,2017-04-27T00:00:00.000,19:34,2017-04-27T19:34:00.000,CIT,3000 Block Of Lincoln Wy,San Francisco,CA,Premise Address,Closed
2818671,161522887,Suspicious Person,2016-05-31T00:00:00.000,2016-05-31T00:00:00.000,2016-05-31T00:00:00.000,17:15,2016-05-31T17:15:00.000,ADV,200 Block Of Golden Gate Av,San Francisco,CA,Premise Address,Pending
2095224,171032543,Missing Adult,2017-04-13T00:00:00.000,2017-04-13T00:00:00.000,2017-04-13T00:00:00.000,15:28,2017-04-13T15:28:00.000,REP,900 Block Of Bryant St,San Francisco,CA,Common Location,Closed
1660350,172873628,Rep,2017-10-14T00:00:00.000,2017-10-14T00:00:00.000,2017-10-14T00:00:00.000,21:01,2017-10-14T21:01:00.000,GOA,900 Block Of Hyde St #11,San Francisco,CA,Common Location,Closed
1130654,181610211,Return,2018-06-10T00:00:00.000,2018-06-10T00:00:00.000,2018-06-10T00:00:00.000,01:37,2018-06-10T01:37:00.000,REP,1400 Block Of 7th Av,San Francisco,CA,Premise Address,Closed
1698256,172712139,Traffic Stop,2017-09-28T00:00:00.000,2017-09-28T00:00:00.000,2017-09-28T00:00:00.000,13:22,2017-09-28T13:22:00.000,CIT,Wawona St/sunset Bl,San Francisco,CA,Intersection,Closed
1212857,181233921,Burglary,2018-05-03T00:00:00.000,2018-05-03T00:00:00.000,2018-05-03T00:00:00.000,21:51,2018-05-03T21:51:00.000,REP,0 Block Of Clarence Pl,San Francisco,CA,Premise Address,Pending
1302392,180841028,Passing Call,2018-03-25T00:00:00.000,2018-03-25T00:00:00.000,2018-03-25T00:00:00.000,09:42,2018-03-25T09:42:00.000,Not recorded,900 Block Of North Point St,San Francisco,CA,Common Location,Pending
2292786,170180202,Audible Alarm,2017-01-18T00:00:00.000,2017-01-18T00:00:00.000,2017-01-18T00:00:00.000,02:52,2017-01-18T02:52:00.000,ND,200 Block Of Maiden Ln,San Francisco,CA,Premise Address,Pending
314613,191640310,Assault / Battery,2019-06-13T00:00:00.000,2019-06-13T00:00:00.000,2019-06-13T00:00:00.000,03:58,2019-06-13T03:58:00.000,GOA,4th St/folsom St,San Francisco,CA,Intersection,Pending
1567422,173290307,Well Being Check,2017-11-25T00:00:00.000,2017-11-25T00:00:00.000,2017-11-25T00:00:00.000,03:00,2017-11-25T03:00:00.000,UTL,Natoma St/10th St,San Francisco,CA,Intersection,Closed
2249407,170373352,Dw,2017-02-06T00:00:00.000,2017-02-06T00:00:00.000,2017-02-06T00:00:00.000,20:10,2017-02-06T20:10:00.000,22,2400 Block Of 19th Av,San Francisco,CA,Premise Address,Pending
1471050,180073584,Passing Call,2018-01-07T00:00:00.000,2018-01-07T00:00:00.000,2018-01-07T00:00:00.000,22:35,2018-01-07T22:35:00.000,HAN,200 Block Of Macalla Rd,Yerba Buena,CA,Premise Address,Withdrawn
1825189,172183873,Person Screaming,2017-08-06T00:00:00.000,2017-08-06T00:00:00.000,2017-08-06T00:00:00.000,21:27,2017-08-06T21:27:00.000,GOA,Sierra St/texas St,San Francisco,CA,Intersection,Pending
184908,192193616,Trespasser,2019-08-07T00:00:00.000,2019-08-07T00:00:00.000,2019-08-07T00:00:00.000,18:42,2019-08-07T18:42:00.000,GOA,1300 Block Of Fillmore St,San Francisco,CA,Premise Address,Pending
402224,191253051,Arrest Made,2019-05-05T00:00:00.000,2019-05-05T00:00:00.000,2019-05-05T00:00:00.000,18:07,2019-05-05T18:07:00.000,REP,Polk St/eddy St,San Francisco,CA,Intersection,Pending
2935755,161022537,Petty Theft,2016-04-11T00:00:00.000,2016-04-11T00:00:00.000,2016-04-11T00:00:00.000,15:49,2016-04-11T15:49:00.000,REP,2400 Block Of Geary Bl,San Francisco,CA,Premise Address,Pending
1301781,180842075,Homeless Complaint,2018-03-25T00:00:00.000,2018-03-25T00:00:00.000,2018-03-25T00:00:00.000,15:01,2018-03-25T15:01:00.000,ADV,200 Block Of Leavenworth St,San Francisco,CA,Premise Address,Withdrawn
1453150,180153507,Sleeper,2018-01-15T00:00:00.000,2018-01-15T00:00:00.000,2018-01-15T00:00:00.000,22:04,2018-01-15T22:04:00.000,ADV,700 Block Of Taraval St,San Francisco,CA,Premise Address,Pending
1230838,181160993,Poss,2018-04-26T00:00:00.000,2018-04-26T00:00:00.000,2018-04-26T00:00:00.000,09:24,2018-04-26T09:24:00.000,NOM,100 Block Of Westmoorland Dr,San Francisco,CA,Premise Address,Pending
1211511,181242061,Traffic Stop,2018-05-04T00:00:00.000,2018-05-04T00:00:00.000,2018-05-04T00:00:00.000,13:42,2018-05-04T13:42:00.000,CIT,Waller St/central Av,San Francisco,CA,Intersection,Withdrawn
2175844,170691281,Dw/rz,2017-03-10T00:00:00.000,2017-03-10T00:00:00.000,2017-03-10T00:00:00.000,10:27,2017-03-10T10:27:00.000,CIT,500 Block Of Jersey St,San Francisco,CA,Premise Address,Pending
2578769,162580580,Passing Call,2016-09-14T00:00:00.000,2016-09-14T00:00:00.000,2016-09-14T00:00:00.000,06:35,2016-09-14T06:35:00.000,HAN,1000 Block Of Connecticut St,San Francisco,CA,Premise Address,Withdrawn
487183,190893886,Fight No Weapon,2019-03-30T00:00:00.000,2019-03-30T00:00:00.000,2019-03-30T00:00:00.000,23:18,2019-03-30T23:18:00.000,UTL,Alice B Toklas Pl/van Ness Av,San Francisco,CA,Intersection,Pending
2346456,163580542,915,2016-12-23T00:00:00.000,2016-12-23T00:00:00.000,2016-12-23T00:00:00.000,06:33,2016-12-23T06:33:00.000,ARR,5900 Block Of Mission St,San Francisco,CA,Premise Address,Withdrawn
2518673,162822084,500e/.25,2016-10-08T00:00:00.000,2016-10-08T00:00:00.000,2016-10-08T00:00:00.000,12:47,2016-10-08T12:47:00.000,CIT,0 Block Of Montezuma St,San Francisco,CA,Premise Address,Pending
2235830,170432911,Traffic Stop,2017-02-12T00:00:00.000,2017-02-12T00:00:00.000,2017-02-12T00:00:00.000,18:48,2017-02-12T18:48:00.000,CIT,Bryant St/2nd St,San Francisco,CA,Intersection,Closed
274825,191813575,Att/594,2019-06-30T00:00:00.000,2019-06-30T00:00:00.000,2019-06-30T00:00:00.000,19:37,2019-06-30T19:37:00.000,HAN,Cabrillo St/20th Av,San Francisco,CA,Intersection,Pending
595164,190402529,240,2019-02-09T00:00:00.000,2019-02-09T00:00:00.000,2019-02-09T00:00:00.000,17:12,2019-02-09T17:12:00.000,UTL,900 Block Of Alvarado St,San Francisco,CA,Premise Address,Closed
617284,190302733,Indecent Exposure,2019-01-30T00:00:00.000,2019-01-30T00:00:00.000,2019-01-30T00:00:00.000,15:49,2019-01-30T15:49:00.000,HAN,700 Block Of Stanyan St,San Francisco,CA,Premise Address,Closed
972845,182352917,22500e/rz,2018-08-23T00:00:00.000,2018-08-23T00:00:00.000,2018-08-23T00:00:00.000,16:49,2018-08-23T16:49:00.000,GOA,100 Block Of Moneta Wy,San Francisco,CA,Premise Address,Closed
2033981,171292784,Audible Alarm,2017-05-09T00:00:00.000,2017-05-09T00:00:00.000,2017-05-09T00:00:00.000,16:25,2017-05-09T16:25:00.000,PAS,1700 Block Of Sutter St,San Francisco,CA,Premise Address,Pending
280161,191792591,Passing Call,2019-06-28T00:00:00.000,2019-06-28T00:00:00.000,2019-06-28T00:00:00.000,16:08,2019-06-28T16:08:00.000,HAN,0 Block Of United Nations Pz,San Francisco,CA,Common Location,Closed
28802,192833113,Muni Inspection,2019-10-10T00:00:00.000,2019-10-10T00:00:00.000,2019-10-10T00:00:00.000,16:46,2019-10-10T16:46:00.000,Not recorded,300 Block Of Market St,San Francisco,CA,Common Location,Closed
345994,191502723,Traffic Stop,2019-05-30T00:00:00.000,2019-05-30T00:00:00.000,2019-05-30T00:00:00.000,16:13,2019-05-30T16:13:00.000,CIT,8th Av/cabrillo St,San Francisco,CA,Intersection,Pending
437404,191103201,Noise Nuisance,2019-04-20T00:00:00.000,2019-04-20T00:00:00.000,2019-04-20T00:00:00.000,17:51,2019-04-20T17:51:00.000,GOA,900 Block Of Vallejo St,San Francisco,CA,Premise Address,Closed
1137889,181572004,22500e,2018-06-06T00:00:00.000,2018-06-06T00:00:00.000,2018-06-06T00:00:00.000,13:25,2018-06-06T13:25:00.000,CIT,300 Block Of 17th Av,San Francisco,CA,Premise Address,Pending
2687337,162111695,Petty Theft,2016-07-29T00:00:00.000,2016-07-29T00:00:00.000,2016-07-29T00:00:00.000,13:03,2016-07-29T13:03:00.000,REP,1300 Block Of Bush St,San Francisco,CA,Premise Address,Pending
992495,182270063,Stolen Vehicle,2018-08-15T00:00:00.000,2018-08-15T00:00:00.000,2018-08-15T00:00:00.000,00:37,2018-08-15T00:37:00.000,REP,2100 Block Of Folsom St,San Francisco,CA,Premise Address,Closed
1859432,172042116,Homeless Complaint,2017-07-23T00:00:00.000,2017-07-23T00:00:00.000,2017-07-23T00:00:00.000,14:32,2017-07-23T14:32:00.000,ADV,1200 Block Of Francisco St,San Francisco,CA,Premise Address,Pending
1671019,172830733,Trespasser,2017-10-10T00:00:00.000,2017-10-10T00:00:00.000,2017-10-10T00:00:00.000,07:57,2017-10-10T07:57:00.000,ND,Bush St/hyde St,San Francisco,CA,Intersection,Closed
260127,191880318,Shots Fired,2019-07-07T00:00:00.000,2019-07-07T00:00:00.000,2019-07-07T00:00:00.000,02:21,2019-07-07T02:21:00.000,ND,800 Block Of Cayuga Av,San Francisco,CA,Premise Address,Pending
6283,192931146,Male,2019-10-20T00:00:00.000,2019-10-20T00:00:00.000,2019-10-20T00:00:00.000,09:49,2019-10-20T09:49:00.000,HAN,1400 Block Of Greenwich St,San Francisco,CA,Premise Address,Pending
1045388,182022068,Ringing Doorbell,2018-07-21T00:00:00.000,2018-07-21T00:00:00.000,2018-07-21T00:00:00.000,14:25,2018-07-21T14:25:00.000,UTL,1900 Block Of Divisadero St,San Francisco,CA,Premise Address,Pending
311014,191652913,Vandalism,2019-06-14T00:00:00.000,2019-06-14T00:00:00.000,2019-06-14T00:00:00.000,17:36,2019-06-14T17:36:00.000,NOM,900 Block Of Market St,San Francisco,CA,Common Location,Withdrawn
249760,191921356,Wanted Vehicle / Sub,2019-07-11T00:00:00.000,2019-07-11T00:00:00.000,2019-07-11T00:00:00.000,10:04,2019-07-11T10:04:00.000,HAN,500 Block Of Buena Vista Av E,San Francisco,CA,Premise Address,Closed
1000516,182231314,Passing Call,2018-08-11T00:00:00.000,2018-08-11T00:00:00.000,2018-08-11T00:00:00.000,10:58,2018-08-11T10:58:00.000,HAN,3800 Block Of 24th St,San Francisco,CA,Premise Address,Closed
24773,192851418,Susp,2019-10-12T00:00:00.000,2019-10-12T00:00:00.000,2019-10-12T00:00:00.000,11:10,2019-10-12T11:10:00.000,UTL,300 Block Of Baker St,San Francisco,CA,Premise Address,Closed
786890,183153562,Passing Call,2018-11-11T00:00:00.000,2018-11-11T00:00:00.000,2018-11-11T00:00:00.000,22:44,2018-11-11T22:44:00.000,HAN,900 Block Of Fairfax Av,San Francisco,CA,Premise Address,Pending
1781803,172362898,Traffic Stop,2017-08-24T00:00:00.000,2017-08-24T00:00:00.000,2017-08-24T00:00:00.000,16:01,2017-08-24T16:01:00.000,CIT,2nd St/minna St,San Francisco,CA,Intersection,Pending
227723,192012324,Passing Call,2019-07-20T00:00:00.000,2019-07-20T00:00:00.000,2019-07-20T00:00:00.000,15:42,2019-07-20T15:42:00.000,Not recorded,400 Blk Stevenson St,San Francisco,CA,Geo-Override,Closed
64697,192684783,Suspicious Vehicle,2019-09-25T00:00:00.000,2019-09-25T00:00:00.000,2019-09-25T00:00:00.000,22:57,2019-09-25T22:57:00.000,ADV,19th Av/junipero Serra Bl,San Francisco,CA,Intersection,Pending
22480,192861538,Traf Violation Tow,2019-10-13T00:00:00.000,2019-10-13T00:00:00.000,2019-10-13T00:00:00.000,11:46,2019-10-13T11:46:00.000,HAN,1700 Block Of Lombard St,San Francisco,CA,Premise Address,Pending
1308795,180811421,22500e,2018-03-22T00:00:00.000,2018-03-22T00:00:00.000,2018-03-22T00:00:00.000,11:09,2018-03-22T11:09:00.000,CIT,500 Block Of Orizaba Av,San Francisco,CA,Premise Address,Pending
2142376,170831362,911 Drop,2017-03-24T00:00:00.000,2017-03-24T00:00:00.000,2017-03-24T00:00:00.000,11:27,2017-03-24T11:27:00.000,HAN,900 Block Of 7th St,San Francisco,CA,Premise Address,Pending
1810851,172243365,Agg Assault / Adw,2017-08-12T00:00:00.000,2017-08-12T00:00:00.000,2017-08-12T00:00:00.000,19:59,2017-08-12T19:59:00.000,REP,Powell St/market St,San Francisco,CA,Intersection,Pending
721391,183462534,519  Poss,2018-12-12T00:00:00.000,2018-12-12T00:00:00.000,2018-12-12T00:00:00.000,15:31,2018-12-12T15:31:00.000,HAN,Church St/28th St,San Francisco,CA,Intersection,Pending
327251,191582744,Aided Case,2019-06-07T00:00:00.000,2019-06-07T00:00:00.000,2019-06-07T00:00:00.000,16:26,2019-06-07T16:26:00.000,HAN,1300 Block Of Webster St,San Francisco,CA,Premise Address,Withdrawn
1097439,181772451,Passing Call,2018-06-26T00:00:00.000,2018-06-26T00:00:00.000,2018-06-26T00:00:00.000,16:09,2018-06-26T16:09:00.000,Not recorded,900 Block Of Market St,San Francisco,CA,Common Location,Closed
2561660,162650625,Encampment,2016-09-21T00:00:00.000,2016-09-21T00:00:00.000,2016-09-21T00:00:00.000,07:00,2016-09-21T07:00:00.000,ADV,600 Block Of Townsend St,San Francisco,CA,Premise Address,Closed
675165,190041740,Suspicious Person,2019-01-04T00:00:00.000,2019-01-04T00:00:00.000,2019-01-04T00:00:00.000,13:03,2019-01-04T13:03:00.000,REP,Oak St/divisadero St,San Francisco,CA,Intersection,Withdrawn
1218456,181212676,Muni Inspection,2018-05-01T00:00:00.000,2018-05-01T00:00:00.000,2018-05-01T00:00:00.000,16:25,2018-05-01T16:25:00.000,Not recorded,1500 Block Of Market St,San Francisco,CA,Common Location,Closed
499482,190842754,Passing Call,2019-03-25T00:00:00.000,2019-03-25T00:00:00.000,2019-03-25T00:00:00.000,16:43,2019-03-25T16:43:00.000,HAN,1500 Block Of Haight St,San Francisco,CA,Common Location,Withdrawn
2089162,171060017,Noise Nuisance,2017-04-16T00:00:00.000,2017-04-16T00:00:00.000,2017-04-16T00:00:00.000,00:05,2017-04-16T00:05:00.000,Not recorded,2000 Block Of Bryant St,San Francisco,CA,Premise Address,Pending
1466592,180100143,Casing,2018-01-10T00:00:00.000,2018-01-10T00:00:00.000,2018-01-10T00:00:00.000,01:35,2018-01-10T01:35:00.000,Not recorded,14th Av/wawona St,San Francisco,CA,Intersection,Withdrawn
2391257,163380169,Complaint Unkn,2016-12-03T00:00:00.000,2016-12-03T00:00:00.000,2016-12-03T00:00:00.000,01:04,2016-12-03T01:04:00.000,HAN,0 Block Of Capra Wy,San Francisco,CA,Premise Address,Closed
561817,190561134,Poss,2019-02-25T00:00:00.000,2019-02-25T00:00:00.000,2019-02-25T00:00:00.000,10:00,2019-02-25T10:00:00.000,HAN,0 Block Of Drumm St,San Francisco,CA,Premise Address,Pending
2605782,162463644,7.2.38,2016-09-02T00:00:00.000,2016-09-02T00:00:00.000,2016-09-02T00:00:00.000,20:13,2016-09-02T20:13:00.000,HAN,500 Block Of Castro St,San Francisco,CA,Premise Address,Pending
928459,182552364,Homeless Complaint,2018-09-12T00:00:00.000,2018-09-12T00:00:00.000,2018-09-12T00:00:00.000,14:07,2018-09-12T14:07:00.000,REP,2800 Block Of Ocean Av,San Francisco,CA,Premise Address,Pending
338662,191533056,Fight No Weapon Dv,2019-06-02T00:00:00.000,2019-06-02T00:00:00.000,2019-06-02T00:00:00.000,19:16,2019-06-02T19:16:00.000,ABA,Van Ness Av/eddy St,San Francisco,CA,Intersection,Pending
413640,191203582,Aggressive,2019-04-30T00:00:00.000,2019-04-30T00:00:00.000,2019-04-30T00:00:00.000,20:16,2019-04-30T20:16:00.000,ADV,100 Block Of Mccoppin St,San Francisco,CA,Premise Address,Closed
686911,183632776,Well Being Check,2018-12-29T00:00:00.000,2018-12-29T00:00:00.000,2018-12-29T00:00:00.000,18:46,2018-12-29T18:46:00.000,HAN,0 Block Of Cyril Magnin St,San Francisco,CA,Premise Address,Closed
2415249,163263188,Muni Inspection,2016-11-21T00:00:00.000,2016-11-21T00:00:00.000,2016-11-21T00:00:00.000,18:41,2016-11-21T18:41:00.000,Not recorded,Market St/drumm St,San Francisco,CA,Intersection,Pending
884108,182742975,Rep,2018-10-01T00:00:00.000,2018-10-01T00:00:00.000,2018-10-01T00:00:00.000,16:38,2018-10-01T16:38:00.000,HAN,800 Block Of Presidio Av,San Francisco,CA,Premise Address,Pending
192064,192163208,22500e,2019-08-04T00:00:00.000,2019-08-04T00:00:00.000,2019-08-04T00:00:00.000,19:10,2019-08-04T19:10:00.000,CAN,1600 Block Of Taylor St,San Francisco,CA,Premise Address,Pending
1100996,181752957,Traf Violation Tow,2018-06-24T00:00:00.000,2018-06-24T00:00:00.000,2018-06-24T00:00:00.000,18:30,2018-06-24T18:30:00.000,HAN,800 Block Of Webster St,San Francisco,CA,Premise Address,Closed
2384882,163403480,Traffic Stop,2016-12-05T00:00:00.000,2016-12-05T00:00:00.000,2016-12-05T00:00:00.000,20:26,2016-12-05T20:26:00.000,CIT,2400 Block Of 34th Av,San Francisco,CA,Premise Address,Closed
2644603,162302376,Stolen Vehicle,2016-08-17T00:00:00.000,2016-08-17T00:00:00.000,2016-08-17T00:00:00.000,15:18,2016-08-17T15:18:00.000,REP,1700 Block Of Jerrold Av,San Francisco,CA,Premise Address,Pending
2635107,162342068,Suspicious Vehicle,2016-08-21T00:00:00.000,2016-08-21T00:00:00.000,2016-08-21T00:00:00.000,15:23,2016-08-21T15:23:00.000,HAN,John Muir Dr/skyline Bl,San Francisco,CA,Intersection,Closed
2485391,162961749,22500e,2016-10-22T00:00:00.000,2016-10-22T00:00:00.000,2016-10-22T00:00:00.000,12:32,2016-10-22T12:32:00.000,GOA,1400 Block Of 6th Av,San Francisco,CA,Premise Address,Withdrawn
2722598,161943579,601,2016-07-12T00:00:00.000,2016-07-12T00:00:00.000,2016-07-12T00:00:00.000,21:28,2016-07-12T21:28:00.000,Not recorded,2200 Block Of Geary Bl,San Francisco,CA,Premise Address,Pending
1232370,181152686,Arrest Made,2018-04-25T00:00:00.000,2018-04-25T00:00:00.000,2018-04-25T00:00:00.000,15:42,2018-04-25T15:42:00.000,ARR,Golden Gate Av/hyde St,San Francisco,CA,Intersection,Pending
398394,191271526,7.2.46,2019-05-07T00:00:00.000,2019-05-07T00:00:00.000,2019-05-07T00:00:00.000,11:32,2019-05-07T11:32:00.000,GOA,100 Block Of Park St,San Francisco,CA,Premise Address,Pending
974515,182344101,915,2018-08-22T00:00:00.000,2018-08-22T00:00:00.000,2018-08-22T00:00:00.000,21:54,2018-08-22T21:54:00.000,ADV,700 Block Of Greenwich St,San Francisco,CA,Premise Address,Closed
1349040,180622404,Traffic Stop,2018-03-03T00:00:00.000,2018-03-03T00:00:00.000,2018-03-03T00:00:00.000,16:16,2018-03-03T16:16:00.000,ADV,Anza St/2nd Av,San Francisco,CA,Intersection,Closed
1276681,180953874,Passing Call,2018-04-05T00:00:00.000,2018-04-05T00:00:00.000,2018-04-05T00:00:00.000,21:29,2018-04-05T21:29:00.000,HAN,700 Block Of Pacific Av,San Francisco,CA,Premise Address,Closed
2921290,161082786,Assault / Battery,2016-04-17T00:00:00.000,2016-04-17T00:00:00.000,2016-04-17T00:00:00.000,18:05,2016-04-17T18:05:00.000,REP,Griffith St/gilman Av,San Francisco,CA,Intersection,Pending
1233993,181144062,Traffic Stop,2018-04-24T00:00:00.000,2018-04-24T00:00:00.000,2018-04-24T00:00:00.000,21:44,2018-04-24T21:44:00.000,CIT,25th St/noe St,San Francisco,CA,Intersection,Closed
2005540,171411541,Suspicious Person,2017-05-21T00:00:00.000,2017-05-21T00:00:00.000,2017-05-21T00:00:00.000,12:14,2017-05-21T12:14:00.000,ADV,800 Block Of Market St,San Francisco,CA,Premise Address,Closed
946170,182472825,601,2018-09-04T00:00:00.000,2018-09-04T00:00:00.000,2018-09-04T00:00:00.000,16:52,2018-09-04T16:52:00.000,GOA,600 Block Of Market St,San Francisco,CA,Common Location,Pending
1604456,173121190,Homeless Complaint,2017-11-08T00:00:00.000,2017-11-08T00:00:00.000,2017-11-08T00:00:00.000,09:41,2017-11-08T09:41:00.000,HAN,700 Block Of Market St,San Francisco,CA,Premise Address,Closed
1917200,171791480,Passing Call,2017-06-28T00:00:00.000,2017-06-28T00:00:00.000,2017-06-28T00:00:00.000,11:35,2017-06-28T11:35:00.000,Not recorded,4200 Block Of Clement St,San Francisco,CA,Common Location,Pending
1848893,172090071,Poss,2017-07-28T00:00:00.000,2017-07-28T00:00:00.000,2017-07-28T00:00:00.000,00:25,2017-07-28T00:25:00.000,ND,200 Block Of Golden Gate Av,San Francisco,CA,Premise Address,Pending
1689348,172751470,22500e,2017-10-02T00:00:00.000,2017-10-02T00:00:00.000,2017-10-02T00:00:00.000,10:54,2017-10-02T10:54:00.000,GOA,2400 Block Of Washington St,San Francisco,CA,Premise Address,Pending
2310100,170100194,X,2017-01-10T00:00:00.000,2017-01-10T00:00:00.000,2017-01-10T00:00:00.000,02:02,2017-01-10T02:02:00.000,ADV,1700 Block Of Jones St,San Francisco,CA,Premise Address,Closed
2535793,162752623,Traffic Stop,2016-10-01T00:00:00.000,2016-10-01T00:00:00.000,2016-10-01T00:00:00.000,16:22,2016-10-01T16:22:00.000,HAN,4th St/china Basin St,San Francisco,CA,Intersection,Pending
387288,191320968,Passing Call,2019-05-12T00:00:00.000,2019-05-12T00:00:00.000,2019-05-12T00:00:00.000,09:28,2019-05-12T09:28:00.000,HAN,1000 Block Of Pacific Av,San Francisco,CA,Premise Address,Pending
2182553,170662331,Traffic Stop,2017-03-07T00:00:00.000,2017-03-07T00:00:00.000,2017-03-07T00:00:00.000,14:10,2017-03-07T14:10:00.000,HAN,100 Block Of Judson Av,San Francisco,CA,Premise Address,Closed
648265,190170276,Complaint Unkn,2019-01-17T00:00:00.000,2019-01-17T00:00:00.000,2019-01-17T00:00:00.000,03:13,2019-01-17T03:13:00.000,NCR,100 Block Of Schwerin St,San Francisco,CA,Premise Address,Pending
1052077,181991597,Passing Call,2018-07-18T00:00:00.000,2018-07-18T00:00:00.000,2018-07-18T00:00:00.000,11:55,2018-07-18T11:55:00.000,HAN,600 Blk Linden St,San Francisco,CA,Geo-Override,Closed
2337142,163631239,Passing Call,2016-12-28T00:00:00.000,2016-12-28T00:00:00.000,2016-12-28T00:00:00.000,10:06,2016-12-28T10:06:00.000,HAN,838 Pacific Ave,,CA,Geo-Override,Closed
1762244,172445040,Missing Adult,2017-09-01T00:00:00.000,2017-09-01T00:00:00.000,2017-09-01T00:00:00.000,23:51,2017-09-01T23:51:00.000,REP,200 Block Of Williams Av,San Francisco,CA,Common Location,Pending
648261,190170285,Mentally Disturbed,2019-01-17T00:00:00.000,2019-01-17T00:00:00.000,2019-01-17T00:00:00.000,03:22,2019-01-17T03:22:00.000,HAN,1600 Block Of Oak St,San Francisco,CA,Premise Address,Pending
1754324,172481889,Intoxicated Person,2017-09-05T00:00:00.000,2017-09-05T00:00:00.000,2017-09-05T00:00:00.000,12:37,2017-09-05T12:37:00.000,ADV,500 Block Of Ofarrell St,San Francisco,CA,Premise Address,Closed
2393457,163370156,Poss,2016-12-02T00:00:00.000,2016-12-02T00:00:00.000,2016-12-02T00:00:00.000,01:12,2016-12-02T01:12:00.000,HAN,200 Block Of Corbett Av,San Francisco,CA,Premise Address,Pending
2589770,162532416,Fight No Weapon,2016-09-09T00:00:00.000,2016-09-09T00:00:00.000,2016-09-09T00:00:00.000,15:28,2016-09-09T15:28:00.000,Not recorded,Market St/davis St,San Francisco,CA,Intersection,Closed
483286,190913128,Assault / Battery Dv,2019-04-01T00:00:00.000,2019-04-01T00:00:00.000,2019-04-01T00:00:00.000,17:28,2019-04-01T17:28:00.000,HAN,200 Block Of Highland Av,San Francisco,CA,Premise Address,Closed
2123592,170911032,Passing Call,2017-04-01T00:00:00.000,2017-04-01T00:00:00.000,2017-04-01T00:00:00.000,08:57,2017-04-01T08:57:00.000,HAN,0 Block Of Clipper Cove Wy,Treasure Isla,CA,Common Location,Closed
1827253,172180261,Passing Call,2017-08-06T00:00:00.000,2017-08-06T00:00:00.000,2017-08-06T00:00:00.000,01:57,2017-08-06T01:57:00.000,Not recorded,19th St/mission St,San Francisco,CA,Intersection,Pending
2855463,161362538,Suspicious Person,2016-05-15T00:00:00.000,2016-05-15T00:00:00.000,2016-05-15T00:00:00.000,15:57,2016-05-15T15:57:00.000,ADV,1000 Block Of Haight St,San Francisco,CA,Premise Address,Pending
397832,191272568,Well Being Check,2019-05-07T00:00:00.000,2019-05-07T00:00:00.000,2019-05-07T00:00:00.000,15:46,2019-05-07T15:46:00.000,ND,400 Block Of Campbell Av,San Francisco,CA,Premise Address,Pending
1950490,171642242,Susp,2017-06-13T00:00:00.000,2017-06-13T00:00:00.000,2017-06-13T00:00:00.000,15:15,2017-06-13T15:15:00.000,NOM,700 Block Of Waller St,San Francisco,CA,Premise Address,Pending
2779382,161693294,Assault / Battery,2016-06-17T00:00:00.000,2016-06-17T00:00:00.000,2016-06-17T00:00:00.000,19:07,2016-06-17T19:07:00.000,REP,1300 Block Of 3rd St,San Francisco,CA,Common Location,Closed
1761958,172450539,H&r Veh Accident,2017-09-02T00:00:00.000,2017-09-02T00:00:00.000,2017-09-02T00:00:00.000,04:01,2017-09-02T04:01:00.000,REP,1800 Block Of 19th Av,San Francisco,CA,Premise Address,Closed
1953712,171630513,Dw,2017-06-12T00:00:00.000,2017-06-12T00:00:00.000,2017-06-12T00:00:00.000,07:02,2017-06-12T07:02:00.000,CIT,500 Block Of 3rd Av,San Francisco,CA,Premise Address,Pending
1560576,173321856,Sexual Assault Juve,2017-11-28T00:00:00.000,2017-11-28T00:00:00.000,2017-11-28T00:00:00.000,12:54,2017-11-28T12:54:00.000,REP,900 Block Of Bryant St,San Francisco,CA,Premise Address,Pending
2162157,170744481,Muni Inspection,2017-03-15T00:00:00.000,2017-03-15T00:00:00.000,2017-03-15T00:00:00.000,23:27,2017-03-15T23:27:00.000,HAN,9th Av/judah St,San Francisco,CA,Intersection,Closed
2708411,162012690,Suspicious Vehicle,2016-07-19T00:00:00.000,2016-07-19T00:00:00.000,2016-07-19T00:00:00.000,17:13,2016-07-19T17:13:00.000,HAN,Minna St/mary St,San Francisco,CA,Intersection,Pending
159862,192300451,Intoxicated Person,2019-08-18T00:00:00.000,2019-08-18T00:00:00.000,2019-08-18T00:00:00.000,03:19,2019-08-18T03:19:00.000,HAN,Powell St/bush St,San Francisco,CA,Intersection,Closed
99420,192544315,Petty Theft,2019-09-11T00:00:00.000,2019-09-11T00:00:00.000,2019-09-11T00:00:00.000,20:16,2019-09-11T20:16:00.000,HAN,1500 Block Of Sloat Bl,San Francisco,CA,Premise Address,Pending
2682589,162132513,Traffic Stop,2016-07-31T00:00:00.000,2016-07-31T00:00:00.000,2016-07-31T00:00:00.000,17:40,2016-07-31T17:40:00.000,HAN,The Embarcadero Sou/bryant St,San Francisco,CA,Intersection,Closed
1759982,172454582,Meet W/citizen,2017-09-02T00:00:00.000,2017-09-02T00:00:00.000,2017-09-02T00:00:00.000,23:31,2017-09-02T23:31:00.000,HAN,0 Block Of Brookdale Av,San Francisco,CA,Premise Address,Pending
42796,192774342,Suspicious Vehicle,2019-10-04T00:00:00.000,2019-10-04T00:00:00.000,2019-10-04T00:00:00.000,22:49,2019-10-04T22:49:00.000,ADV,800 Block Of Mission St #6th Fl,San Francisco,CA,Common Location,Closed
2301824,170140049,Passing Call,2017-01-14T00:00:00.000,2017-01-14T00:00:00.000,2017-01-14T00:00:00.000,00:18,2017-01-14T00:18:00.000,HAN,200 Block Of Cameron Wy,San Francisco,CA,Common Location,Pending
293924,191731547,Passing Call,2019-06-22T00:00:00.000,2019-06-22T00:00:00.000,2019-06-22T00:00:00.000,12:21,2019-06-22T12:21:00.000,Not recorded,25th Av/martin Luther King Dr,San Francisco,CA,Intersection,Pending
821671,183011555,Passing Call,2018-10-28T00:00:00.000,2018-10-28T00:00:00.000,2018-10-28T00:00:00.000,11:02,2018-10-28T11:02:00.000,Not recorded,1500 Block Of Haight St,San Francisco,CA,Common Location,Pending
2259367,170331038,Passing Call,2017-02-02T00:00:00.000,2017-02-02T00:00:00.000,2017-02-02T00:00:00.000,09:36,2017-02-02T09:36:00.000,Not recorded,24th St/york St,San Francisco,CA,Intersection,Closed
715273,183492229,Scooters,2018-12-15T00:00:00.000,2018-12-15T00:00:00.000,2018-12-15T00:00:00.000,15:05,2018-12-15T15:05:00.000,ND,Geary Bl/masonic Av,San Francisco,CA,Intersection,Closed
1558234,173331877,Passing Call,2017-11-29T00:00:00.000,2017-11-29T00:00:00.000,2017-11-29T00:00:00.000,12:37,2017-11-29T12:37:00.000,Not recorded,10th Av/noriega St,San Francisco,CA,Intersection,Closed
947821,182463403,Aggressive,2018-09-03T00:00:00.000,2018-09-03T00:00:00.000,2018-09-03T00:00:00.000,21:52,2018-09-03T21:52:00.000,ND,500 Block Of Golden Gate Av,San Francisco,CA,Premise Address,Withdrawn
2803020,161592612,Fight No Weapon,2016-06-07T00:00:00.000,2016-06-07T00:00:00.000,2016-06-07T00:00:00.000,15:25,2016-06-07T15:25:00.000,CAN,0 Block Of Rausch St,San Francisco,CA,Premise Address,Closed
2159886,170754233,Suspicious Vehicle,2017-03-16T00:00:00.000,2017-03-16T00:00:00.000,2017-03-16T00:00:00.000,22:18,2017-03-16T22:18:00.000,ND,400 Block Of Parnassus Av,San Francisco,CA,Premise Address,Pending
1852605,172071965,Passing Call,2017-07-26T00:00:00.000,2017-07-26T00:00:00.000,2017-07-26T00:00:00.000,13:08,2017-07-26T13:08:00.000,Not recorded,100 Blk Hyde St,San Francisco,CA,Geo-Override,Withdrawn
1605046,173120072,Passing Call,2017-11-08T00:00:00.000,2017-11-08T00:00:00.000,2017-11-08T00:00:00.000,00:34,2017-11-08T00:34:00.000,HAN,Civic Center Plaza,,CA,Geo-Override,Closed
1900302,171863623,222 Poss,2017-07-05T00:00:00.000,2017-07-05T00:00:00.000,2017-07-05T00:00:00.000,18:40,2017-07-05T18:40:00.000,UTL,Campton Pl/stockton St,San Francisco,CA,Intersection,Withdrawn
1125717,181632541,488,2018-06-12T00:00:00.000,2018-06-12T00:00:00.000,2018-06-12T00:00:00.000,15:54,2018-06-12T15:54:00.000,HAN,1200 Block Of Ocean Av,San Francisco,CA,Common Location,Pending
442740,191082533,Trespasser,2019-04-18T00:00:00.000,2019-04-18T00:00:00.000,2019-04-18T00:00:00.000,15:01,2019-04-18T15:01:00.000,ADV,200 Block Of Eddy St,San Francisco,CA,Premise Address,Closed
1955928,171613908,Sleeper,2017-06-10T00:00:00.000,2017-06-10T00:00:00.000,2017-06-10T00:00:00.000,23:17,2017-06-10T23:17:00.000,ADV,100 Block Of Jessie St,San Francisco,CA,Premise Address,Closed
2597410,162502318,Bicycle,2016-09-06T00:00:00.000,2016-09-06T00:00:00.000,2016-09-06T00:00:00.000,14:01,2016-09-06T14:01:00.000,REP,1400 Block Of 48th Av,San Francisco,CA,Premise Address,Closed
382692,191341299,909,2019-05-14T00:00:00.000,2019-05-14T00:00:00.000,2019-05-14T00:00:00.000,10:33,2019-05-14T10:33:00.000,HAN,400 Block Of Berry St,San Francisco,CA,Premise Address,Pending
514359,190780075,Trespasser,2019-03-19T00:00:00.000,2019-03-19T00:00:00.000,2019-03-19T00:00:00.000,00:53,2019-03-19T00:53:00.000,GOA,0 Block Of Shannon St,San Francisco,CA,Premise Address,Closed
80301,192623181,Muni Inspection,2019-09-19T00:00:00.000,2019-09-19T00:00:00.000,2019-09-19T00:00:00.000,16:40,2019-09-19T16:40:00.000,HAN,19th Av/lincoln Wy,San Francisco,CA,Intersection,Pending
30910,192823808,Traf Violation Cite,2019-10-09T00:00:00.000,2019-10-09T00:00:00.000,2019-10-09T00:00:00.000,18:43,2019-10-09T18:43:00.000,ADV,100 Block Of Mississippi St,San Francisco,CA,Premise Address,Closed
1124590,181640490,`,2018-06-13T00:00:00.000,2018-06-13T00:00:00.000,2018-06-13T00:00:00.000,06:53,2018-06-13T06:53:00.000,GOA,200 Block Of Fremont St,San Francisco,CA,Premise Address,Pending
1508392,173550174,Panic Alarm,2017-12-21T00:00:00.000,2017-12-21T00:00:00.000,2017-12-21T00:00:00.000,02:04,2017-12-21T02:04:00.000,NCR,300 Block Of Pine St,San Francisco,CA,Premise Address,Pending
2140746,170840531,Trespasser,2017-03-25T00:00:00.000,2017-03-25T00:00:00.000,2017-03-25T00:00:00.000,05:47,2017-03-25T05:47:00.000,HAN,400 Block Of Taylor St,San Francisco,CA,Premise Address,Closed
2505334,162873422,Strongarm Robbery,2016-10-13T00:00:00.000,2016-10-13T00:00:00.000,2016-10-13T00:00:00.000,19:29,2016-10-13T19:29:00.000,HAN,1200 Block Of Mission St,San Francisco,CA,Premise Address,Withdrawn
2293452,170173104,Traffic Stop,2017-01-17T00:00:00.000,2017-01-17T00:00:00.000,2017-01-17T00:00:00.000,18:25,2017-01-17T18:25:00.000,CIT,Geary Bl/webster St,San Francisco,CA,Intersection,Pending
1805444,172271050,22500f,2017-08-15T00:00:00.000,2017-08-15T00:00:00.000,2017-08-15T00:00:00.000,09:12,2017-08-15T09:12:00.000,CIT,3000 Block Of Ingalls St,San Francisco,CA,Premise Address,Closed
693064,183602466,Suspicious Vehicle,2018-12-26T00:00:00.000,2018-12-26T00:00:00.000,2018-12-26T00:00:00.000,17:01,2018-12-26T17:01:00.000,ADV,North Point St/taylor St,San Francisco,CA,Intersection,Pending
2226244,170473854,Noise Nuisance,2017-02-16T00:00:00.000,2017-02-16T00:00:00.000,2017-02-16T00:00:00.000,22:07,2017-02-16T22:07:00.000,GOA,0 Block Of Juri St,San Francisco,CA,Common Location,Pending
2850027,161383805,Well Being Check,2016-05-17T00:00:00.000,2016-05-17T00:00:00.000,2016-05-17T00:00:00.000,19:41,2016-05-17T19:41:00.000,HAN,Market St/gough St,San Francisco,CA,Intersection,Closed
468749,190971934,Traffic Stop,2019-04-07T00:00:00.000,2019-04-07T00:00:00.000,2019-04-07T00:00:00.000,13:52,2019-04-07T13:52:00.000,CIT,7th St/stevenson St,San Francisco,CA,Intersection,Closed
2350564,163561881,9-1-1 Open Line,2016-12-21T00:00:00.000,2016-12-21T00:00:00.000,2016-12-21T00:00:00.000,12:51,2016-12-21T12:51:00.000,NCR,100 Block Of Utah St,San Francisco,CA,Premise Address,Pending
24033,192852834,Traffic Stop,2019-10-12T00:00:00.000,2019-10-12T00:00:00.000,2019-10-12T00:00:00.000,17:09,2019-10-12T17:09:00.000,ADV,5th St/stevenson St,San Francisco,CA,Intersection,Closed
2889771,161212803,Dw,2016-04-30T00:00:00.000,2016-04-30T00:00:00.000,2016-04-30T00:00:00.000,17:39,2016-04-30T17:39:00.000,CAN,1900 Block Of Page St,San Francisco,CA,Premise Address,Closed
1251525,181072050,Traffic Stop,2018-04-17T00:00:00.000,2018-04-17T00:00:00.000,2018-04-17T00:00:00.000,13:18,2018-04-17T13:18:00.000,CIT,7th St/howard St,San Francisco,CA,Intersection,Pending
1568130,173282853,Muni Inspection,2017-11-24T00:00:00.000,2017-11-24T00:00:00.000,2017-11-24T00:00:00.000,18:32,2017-11-24T18:32:00.000,Not recorded,Market St/taylor St,San Francisco,CA,Intersection,Closed
2194967,170611861,22500e,2017-03-02T00:00:00.000,2017-03-02T00:00:00.000,2017-03-02T00:00:00.000,12:55,2017-03-02T12:55:00.000,CIT,3400 Block Of Washington St,San Francisco,CA,Premise Address,Closed
493688,190870593,Attempt,2019-03-28T00:00:00.000,2019-03-28T00:00:00.000,2019-03-28T00:00:00.000,07:01,2019-03-28T07:01:00.000,GOA,2300 Block Of Lombard St,San Francisco,CA,Premise Address,Pending
479050,190931899,Arrest Made,2019-04-03T00:00:00.000,2019-04-03T00:00:00.000,2019-04-03T00:00:00.000,11:51,2019-04-03T11:51:00.000,HAN,400 Block Of Ellis St,San Francisco,CA,Premise Address,Pending
2462060,163061846,Dw,2016-11-01T00:00:00.000,2016-11-01T00:00:00.000,2016-11-01T00:00:00.000,12:07,2016-11-01T12:07:00.000,CIT,1400 Block Of Florida St,San Francisco,CA,Premise Address,Pending
676007,190040180,Passing Call,2019-01-04T00:00:00.000,2019-01-04T00:00:00.000,2019-01-04T00:00:00.000,01:58,2019-01-04T01:58:00.000,Not recorded,Sunnydale Av/santos St,San Francisco,CA,Intersection,Closed
736995,183391941,Traffic Stop,2018-12-05T00:00:00.000,2018-12-05T00:00:00.000,2018-12-05T00:00:00.000,13:39,2018-12-05T13:39:00.000,CIT,Mission St/15th St,San Francisco,CA,Intersection,Closed
1848679,172090514,Homeless Complaint,2017-07-28T00:00:00.000,2017-07-28T00:00:00.000,2017-07-28T00:00:00.000,05:47,2017-07-28T05:47:00.000,HAN,Howard St/10th St,San Francisco,CA,Intersection,Pending
790969,183134436,Well Being Check,2018-11-09T00:00:00.000,2018-11-09T00:00:00.000,2018-11-09T00:00:00.000,23:33,2018-11-09T23:33:00.000,HAN,600 Block Of Valencia St,San Francisco,CA,Premise Address,Closed
529927,190711862,22500e,2019-03-12T00:00:00.000,2019-03-12T00:00:00.000,2019-03-12T00:00:00.000,12:47,2019-03-12T12:47:00.000,CIT,100 Block Of Wayland St,San Francisco,CA,Premise Address,Closed
1081883,181850899,799 Poss,2018-07-04T00:00:00.000,2018-07-04T00:00:00.000,2018-07-04T00:00:00.000,09:33,2018-07-04T09:33:00.000,HAN,3800 Block Of 3rd St,San Francisco,CA,Premise Address,Pending
359736,191442608,Trespasser,2019-05-24T00:00:00.000,2019-05-24T00:00:00.000,2019-05-24T00:00:00.000,16:09,2019-05-24T16:09:00.000,HAN,100 Block Of Cleary Ct,San Francisco,CA,Premise Address,Pending
1717720,172632410,Dw,2017-09-20T00:00:00.000,2017-09-20T00:00:00.000,2017-09-20T00:00:00.000,14:30,2017-09-20T14:30:00.000,CAN,2900 Block Of Turk Bl,San Francisco,CA,Premise Address,Pending
11244,192910450,Threats / Harassment,2019-10-18T00:00:00.000,2019-10-18T00:00:00.000,2019-10-18T00:00:00.000,06:12,2019-10-18T06:12:00.000,GOA,0 Block Of Sutter St,San Francisco,CA,Premise Address,Closed
2738854,161870551,Oppps,2016-07-05T00:00:00.000,2016-07-05T00:00:00.000,2016-07-05T00:00:00.000,03:54,2016-07-05T03:54:00.000,GOA,Taylor St/sutter St,San Francisco,CA,Intersection,Closed
1359874,180573338,Muni Inspection,2018-02-26T00:00:00.000,2018-02-26T00:00:00.000,2018-02-26T00:00:00.000,18:48,2018-02-26T18:48:00.000,Not recorded,3rd St/23rd St,San Francisco,CA,Intersection,Closed
2803411,161591871,Suspicious Person,2016-06-07T00:00:00.000,2016-06-07T00:00:00.000,2016-06-07T00:00:00.000,12:27,2016-06-07T12:27:00.000,HAN,Leavenworth St/ellis St,San Francisco,CA,Intersection,Pending
1561657,173313785,Nabor,2017-11-27T00:00:00.000,2017-11-27T00:00:00.000,2017-11-27T00:00:00.000,22:29,2017-11-27T22:29:00.000,HAN,900 Block Of Grove St,San Francisco,CA,Premise Address,Pending
1194164,181312215,Suspicious Vehicle,2018-05-11T00:00:00.000,2018-05-11T00:00:00.000,2018-05-11T00:00:00.000,14:06,2018-05-11T14:06:00.000,ADV,Bridgeview Dr/newhall St,San Francisco,CA,Intersection,Pending
2542780,162723740,Shots Fired,2016-09-28T00:00:00.000,2016-09-28T00:00:00.000,2016-09-28T00:00:00.000,20:35,2016-09-28T20:35:00.000,ND,Shafter Av/griffith St,San Francisco,CA,Intersection,Closed
2283681,170221727,Fight No Weapon,2017-01-22T00:00:00.000,2017-01-22T00:00:00.000,2017-01-22T00:00:00.000,13:21,2017-01-22T13:21:00.000,ARR,2300 Block Of 16th St,San Francisco,CA,Common Location,Pending
629490,190251889,Suspicious Person,2019-01-25T00:00:00.000,2019-01-25T00:00:00.000,2019-01-25T00:00:00.000,13:04,2019-01-25T13:04:00.000,ADV,Victoria St/palmetto Av,San Francisco,CA,Intersection,Pending
180310,192213325,Assault / Battery Dv,2019-08-09T00:00:00.000,2019-08-09T00:00:00.000,2019-08-09T00:00:00.000,18:00,2019-08-09T18:00:00.000,REP,2000 Block Of Palou Av,San Francisco,CA,Premise Address,Pending
2322585,170033560,Complaint Unkn,2017-01-03T00:00:00.000,2017-01-03T00:00:00.000,2017-01-03T00:00:00.000,22:09,2017-01-03T22:09:00.000,PAS,2500 Block Of Mission St,San Francisco,CA,Premise Address,Pending
2251368,170363333,Ringing Doorbell,2017-02-05T00:00:00.000,2017-02-05T00:00:00.000,2017-02-05T00:00:00.000,21:14,2017-02-05T21:14:00.000,HAN,2200 Block Of Leavenworth St,San Francisco,CA,Premise Address,Pending
278025,191802020,Physical,2019-06-29T00:00:00.000,2019-06-29T00:00:00.000,2019-06-29T00:00:00.000,13:38,2019-06-29T13:38:00.000,NCR,Turk St/laguna St,San Francisco,CA,Intersection,Pending
2304538,170123242,Traffic Stop,2017-01-12T00:00:00.000,2017-01-12T00:00:00.000,2017-01-12T00:00:00.000,19:17,2017-01-12T19:17:00.000,CIT,15th St/bryant St,San Francisco,CA,Intersection,Closed
916302,182603902,Poss Phys,2018-09-17T00:00:00.000,2018-09-17T00:00:00.000,2018-09-17T00:00:00.000,20:38,2018-09-17T20:38:00.000,NOM,500 Block Of Jones St,San Francisco,CA,Premise Address,Pending
817465,183030419,Traf Violation Tow,2018-10-30T00:00:00.000,2018-10-30T00:00:00.000,2018-10-30T00:00:00.000,05:47,2018-10-30T05:47:00.000,HAN,200 Block Of Victoria St,San Francisco,CA,Premise Address,Pending
2538484,162742364,Traffic Stop,2016-09-30T00:00:00.000,2016-09-30T00:00:00.000,2016-09-30T00:00:00.000,15:00,2016-09-30T15:00:00.000,CIT,Cabrillo St/27th Av,San Francisco,CA,Intersection,Closed
884198,182742804,Passing Call,2018-10-01T00:00:00.000,2018-10-01T00:00:00.000,2018-10-01T00:00:00.000,16:02,2018-10-01T16:02:00.000,Not recorded,600 Block Of Francisco St,San Francisco,CA,Premise Address,Closed
1663379,172862417,Assault / Battery,2017-10-13T00:00:00.000,2017-10-13T00:00:00.000,2017-10-13T00:00:00.000,15:28,2017-10-13T15:28:00.000,CAN,100 Block Of Aptos Av,San Francisco,CA,Common Location,Pending
624773,190271797,Suspicious Vehicle,2019-01-27T00:00:00.000,2019-01-27T00:00:00.000,2019-01-27T00:00:00.000,13:07,2019-01-27T13:07:00.000,HAN,500 Blk Stevenson St,San Francisco,CA,Geo-Override,Pending
524749,190733077,Passing Call,2019-03-14T00:00:00.000,2019-03-14T00:00:00.000,2019-03-14T00:00:00.000,17:29,2019-03-14T17:29:00.000,Not recorded,Steuart St/don Chee Wy,San Francisco,CA,Intersection,Pending
1976204,171531490,Homeless Complaint,2017-06-02T00:00:00.000,2017-06-02T00:00:00.000,2017-06-02T00:00:00.000,11:24,2017-06-02T11:24:00.000,CAN,0 Block Of Lake St,San Francisco,CA,Premise Address,Withdrawn
2413705,163272131,Suspicious Person,2016-11-22T00:00:00.000,2016-11-22T00:00:00.000,2016-11-22T00:00:00.000,14:47,2016-11-22T14:47:00.000,ADV,6th St/natoma St,San Francisco,CA,Intersection,Closed
2626152,162381350,Mentally Disturbed,2016-08-25T00:00:00.000,2016-08-25T00:00:00.000,2016-08-25T00:00:00.000,11:05,2016-08-25T11:05:00.000,GOA,2700 Block Of Mariposa St,San Francisco,CA,Premise Address,Pending
1245806,181093779,Assault / Battery,2018-04-19T00:00:00.000,2018-04-19T00:00:00.000,2018-04-19T00:00:00.000,19:58,2018-04-19T19:58:00.000,UTL,Tunnel Av/bayshore Bl,San Francisco,CA,Intersection,Pending
888284,182723027,7.2.27,2018-09-29T00:00:00.000,2018-09-29T00:00:00.000,2018-09-29T00:00:00.000,18:33,2018-09-29T18:33:00.000,NOM,1800 Block Of Clay St,San Francisco,CA,Premise Address,Closed
184247,192200290,Poss,2019-08-08T00:00:00.000,2019-08-08T00:00:00.000,2019-08-08T00:00:00.000,03:30,2019-08-08T03:30:00.000,UTL,9th St/mission St,San Francisco,CA,Intersection,Withdrawn
1798630,172294253,Suspicious Person,2017-08-17T00:00:00.000,2017-08-17T00:00:00.000,2017-08-17T00:00:00.000,20:58,2017-08-17T20:58:00.000,ADV,San Bruno Av/harkness Av,San Francisco,CA,Intersection,Pending
1602154,173131107,Homeless Complaint,2017-11-09T00:00:00.000,2017-11-09T00:00:00.000,2017-11-09T00:00:00.000,09:52,2017-11-09T09:52:00.000,ADV,100 Block Of Montgomery St,San Francisco,CA,Premise Address,Pending
1155072,181491976,500e,2018-05-29T00:00:00.000,2018-05-29T00:00:00.000,2018-05-29T00:00:00.000,13:42,2018-05-29T13:42:00.000,GOA,1300 Block Of Church St,San Francisco,CA,Premise Address,Closed
2678415,162152923,Fight No Weapon,2016-08-02T00:00:00.000,2016-08-02T00:00:00.000,2016-08-02T00:00:00.000,18:15,2016-08-02T18:15:00.000,HAN,2000 Block Of Judah St,San Francisco,CA,Premise Address,Pending
2638408,162330657,801poss,2016-08-20T00:00:00.000,2016-08-20T00:00:00.000,2016-08-20T00:00:00.000,06:02,2016-08-20T06:02:00.000,ND,1100 Block Of Mason Ct,Treasure Isla,CA,Premise Address,Pending
2466822,163041534,Auto Boost / Strip,2016-10-30T00:00:00.000,2016-10-30T00:00:00.000,2016-10-30T00:00:00.000,09:53,2016-10-30T09:53:00.000,REP,Geary Bl/parker Av,San Francisco,CA,Intersection,Closed
844731,182911211,Complaint Unkn,2018-10-18T00:00:00.000,2018-10-18T00:00:00.000,2018-10-18T00:00:00.000,10:25,2018-10-18T10:25:00.000,GOA,300 Block Of 2nd St,San Francisco,CA,Premise Address,Closed
1616220,173070897,22500e,2017-11-03T00:00:00.000,2017-11-03T00:00:00.000,2017-11-03T00:00:00.000,08:58,2017-11-03T08:58:00.000,CIT,200 Block Of Naples St,San Francisco,CA,Premise Address,Pending
560892,190562883,Muni Inspection,2019-02-25T00:00:00.000,2019-02-25T00:00:00.000,2019-02-25T00:00:00.000,17:37,2019-02-25T17:37:00.000,ND,900 Block Of Market St,San Francisco,CA,Common Location,Closed
2125587,170901877,Homeless Complaint,2017-03-31T00:00:00.000,2017-03-31T00:00:00.000,2017-03-31T00:00:00.000,13:04,2017-03-31T13:04:00.000,ADV,Stevenson St/5th St,San Francisco,CA,Intersection,Closed
2455469,163090284,Sw,2016-11-04T00:00:00.000,2016-11-04T00:00:00.000,2016-11-04T00:00:00.000,02:22,2016-11-04T02:22:00.000,CIT,Pine St/leavenworth St,San Francisco,CA,Intersection,Closed
1195887,181303812,Drugs Poss,2018-05-10T00:00:00.000,2018-05-10T00:00:00.000,2018-05-10T00:00:00.000,19:06,2018-05-10T19:06:00.000,HAN,Hyde St/fulton St,San Francisco,CA,Intersection,Pending
1474305,180061468,Sw,2018-01-06T00:00:00.000,2018-01-06T00:00:00.000,2018-01-06T00:00:00.000,11:50,2018-01-06T11:50:00.000,GOA,0 Block Of Clementina St,San Francisco,CA,Premise Address,Closed
2286779,170203588,Suspicious Person,2017-01-20T00:00:00.000,2017-01-20T00:00:00.000,2017-01-20T00:00:00.000,23:28,2017-01-20T23:28:00.000,GOA,Wiese St/16th St,San Francisco,CA,Intersection,Pending
624171,190272794,Well Being Check,2019-01-27T00:00:00.000,2019-01-27T00:00:00.000,2019-01-27T00:00:00.000,17:10,2019-01-27T17:10:00.000,HAN,3000 Block Of Jackson St,San Francisco,CA,Premise Address,Closed
233512,191990321,Audible Alarm,2019-07-18T00:00:00.000,2019-07-18T00:00:00.000,2019-07-18T00:00:00.000,03:47,2019-07-18T03:47:00.000,PAS,2300 Block Of Union St,San Francisco,CA,Premise Address,Withdrawn
1853731,172064191,Audible Alarm,2017-07-25T00:00:00.000,2017-07-25T00:00:00.000,2017-07-25T00:00:00.000,22:42,2017-07-25T22:42:00.000,PAS,100 Block Of Drumm St #R4120,San Francisco,CA,Common Location,Closed
1204982,181270762,Complaint Unkn,2018-05-07T00:00:00.000,2018-05-07T00:00:00.000,2018-05-07T00:00:00.000,08:08,2018-05-07T08:08:00.000,CAN,0 Block Of The Embarcadero Nor,San Francisco,CA,Premise Address,Closed
149387,192341245,Homeless Complaint,2019-08-22T00:00:00.000,2019-08-22T00:00:00.000,2019-08-22T00:00:00.000,09:43,2019-08-22T09:43:00.000,HAN,15th St/caledonia St,San Francisco,CA,Intersection,Closed
265500,191852788,Muni Inspection,2019-07-04T00:00:00.000,2019-07-04T00:00:00.000,2019-07-04T00:00:00.000,18:51,2019-07-04T18:51:00.000,Not recorded,Geary Bl/divisadero St,San Francisco,CA,Intersection,Closed
2141247,170833581,Traffic Stop,2017-03-24T00:00:00.000,2017-03-24T00:00:00.000,2017-03-24T00:00:00.000,21:54,2017-03-24T21:54:00.000,CIT,Post St/mason St,San Francisco,CA,Intersection,Closed
2040499,171263186,Suspicious Person,2017-05-06T00:00:00.000,2017-05-06T00:00:00.000,2017-05-06T00:00:00.000,19:20,2017-05-06T19:20:00.000,ADV,700 Block Of Shrader St,San Francisco,CA,Premise Address,Withdrawn
2710652,162002502,Poss,2016-07-18T00:00:00.000,2016-07-18T00:00:00.000,2016-07-18T00:00:00.000,16:53,2016-07-18T16:53:00.000,NOM,29th St/san Jose Av,San Francisco,CA,Intersection,Closed
2461054,163063681,Threats / Harassment,2016-11-01T00:00:00.000,2016-11-01T00:00:00.000,2016-11-01T00:00:00.000,19:05,2016-11-01T19:05:00.000,HAN,200 Block Of Divisadero St,San Francisco,CA,Premise Address,Pending
194518,192153300,Passing Call,2019-08-03T00:00:00.000,2019-08-03T00:00:00.000,2019-08-03T00:00:00.000,18:50,2019-08-03T18:50:00.000,HAN,Avenue H/9th St,Treasure Isla,CA,Intersection,Pending
317337,191624535,Purse Snatch,2019-06-11T00:00:00.000,2019-06-11T00:00:00.000,2019-06-11T00:00:00.000,23:10,2019-06-11T23:10:00.000,ND,900 Block Of Sacramento St,San Francisco,CA,Premise Address,Pending
1280465,180940824,Homeless Complaint,2018-04-04T00:00:00.000,2018-04-04T00:00:00.000,2018-04-04T00:00:00.000,08:48,2018-04-04T08:48:00.000,ADV,46th Av/judah St,San Francisco,CA,Intersection,Closed
2838617,161433410,22500f,2016-05-22T00:00:00.000,2016-05-22T00:00:00.000,2016-05-22T00:00:00.000,22:29,2016-05-22T22:29:00.000,CIT,300 Block Of Raymond Av,San Francisco,CA,Premise Address,Withdrawn
2510399,162853042,Complaint Unkn,2016-10-11T00:00:00.000,2016-10-11T00:00:00.000,2016-10-11T00:00:00.000,17:28,2016-10-11T17:28:00.000,GOA,800 Block Of Mission St,San Francisco,CA,Premise Address,Pending
760479,183282968,Suspicious Vehicle,2018-11-24T00:00:00.000,2018-11-24T00:00:00.000,2018-11-24T00:00:00.000,18:39,2018-11-24T18:39:00.000,UTL,800 Block Of Amazon Av,San Francisco,CA,Premise Address,Pending
1140402,181561234,Audible Alarm,2018-06-05T00:00:00.000,2018-06-05T00:00:00.000,2018-06-05T00:00:00.000,10:43,2018-06-05T10:43:00.000,HAN,200 Block Of Golden Gate Av,San Francisco,CA,Premise Address,Pending
1786362,172344019,Traffic Stop,2017-08-22T00:00:00.000,2017-08-22T00:00:00.000,2017-08-22T00:00:00.000,19:24,2017-08-22T19:24:00.000,CIT,Marina Bl/broderick St,San Francisco,CA,Intersection,Pending
1470385,180081101,Traffic Stop,2018-01-08T00:00:00.000,2018-01-08T00:00:00.000,2018-01-08T00:00:00.000,09:47,2018-01-08T09:47:00.000,CIT,Fulton St/11th Av,San Francisco,CA,Intersection,Closed
1876075,171971007,Homeless Complaint,2017-07-16T00:00:00.000,2017-07-16T00:00:00.000,2017-07-16T00:00:00.000,09:30,2017-07-16T09:30:00.000,HAN,600 Block Of Ellis St,San Francisco,CA,Premise Address,Pending
265959,191852002,Complaint Unkn,2019-07-04T00:00:00.000,2019-07-04T00:00:00.000,2019-07-04T00:00:00.000,15:07,2019-07-04T15:07:00.000,Not recorded,100 Block Of Appleton Av,San Francisco,CA,Premise Address,Pending
359838,191442386,Resisting Arrest,2019-05-24T00:00:00.000,2019-05-24T00:00:00.000,2019-05-24T00:00:00.000,15:14,2019-05-24T15:14:00.000,REP,3rd St/stevenson St,San Francisco,CA,Intersection,Pending
2386386,163400687,Panic Alarm,2016-12-05T00:00:00.000,2016-12-05T00:00:00.000,2016-12-05T00:00:00.000,07:47,2016-12-05T07:47:00.000,CAN,200 Block Of Wawona St,San Francisco,CA,Premise Address,Closed
1756349,172472422,800 Poss,2017-09-04T00:00:00.000,2017-09-04T00:00:00.000,2017-09-04T00:00:00.000,15:37,2017-09-04T15:37:00.000,UTL,2100 Block Of Geneva Av,San Francisco,CA,Premise Address,Pending
2372245,163462853,22500e,2016-12-11T00:00:00.000,2016-12-11T00:00:00.000,2016-12-11T00:00:00.000,18:15,2016-12-11T18:15:00.000,CAN,100 Block Of Mallorca Wy,San Francisco,CA,Premise Address,Pending
2134631,170863677,Suspicious Person,2017-03-27T00:00:00.000,2017-03-27T00:00:00.000,2017-03-27T00:00:00.000,21:19,2017-03-27T21:19:00.000,HAN,Mason St/market St,San Francisco,CA,Intersection,Closed
2654006,162261462,Rtl,2016-08-13T00:00:00.000,2016-08-13T00:00:00.000,2016-08-13T00:00:00.000,11:35,2016-08-13T11:35:00.000,CAN,800 Block Of 9th Av,San Francisco,CA,Premise Address,Closed
1887877,171920697,Audible Alarm,2017-07-11T00:00:00.000,2017-07-11T00:00:00.000,2017-07-11T00:00:00.000,07:43,2017-07-11T07:43:00.000,PAS,0 Block Of Peralta Av,San Francisco,CA,Premise Address,Closed
534600,190691120,Passing Call,2019-03-10T00:00:00.000,2019-03-10T00:00:00.000,2019-03-10T00:00:00.000,10:55,2019-03-10T10:55:00.000,HAN,Moraga St/16th Av,San Francisco,CA,Intersection,Closed
361980,191432767,Traffic Stop,2019-05-23T00:00:00.000,2019-05-23T00:00:00.000,2019-05-23T00:00:00.000,16:16,2019-05-23T16:16:00.000,CIT,De Haro St/16th St,San Francisco,CA,Intersection,Pending
1833652,172152105,Passing Call,2017-08-03T00:00:00.000,2017-08-03T00:00:00.000,2017-08-03T00:00:00.000,12:52,2017-08-03T12:52:00.000,Not recorded,1800 Block Of Oak St,San Francisco,CA,Common Location,Closed
2379626,163431108,Well Being Check,2016-12-08T00:00:00.000,2016-12-08T00:00:00.000,2016-12-08T00:00:00.000,10:00,2016-12-08T10:00:00.000,UTL,1400 Block Of Fell St,San Francisco,CA,Common Location,Closed
2889811,161212737,Traffic Stop,2016-04-30T00:00:00.000,2016-04-30T00:00:00.000,2016-04-30T00:00:00.000,17:24,2016-04-30T17:24:00.000,CIT,Frederick St/arguello Bl,San Francisco,CA,Intersection,Closed
2093915,171040259,Traf Violation Tow,2017-04-14T00:00:00.000,2017-04-14T00:00:00.000,2017-04-14T00:00:00.000,02:17,2017-04-14T02:17:00.000,HAN,100 Block Of Concord St,San Francisco,CA,Premise Address,Pending
701754,183553171,Muni Inspection,2018-12-21T00:00:00.000,2018-12-21T00:00:00.000,2018-12-21T00:00:00.000,18:41,2018-12-21T18:41:00.000,Not recorded,2100 Block Of Market St,San Francisco,CA,Common Location,Pending
1909737,171822797,800,2017-07-01T00:00:00.000,2017-07-01T00:00:00.000,2017-07-01T00:00:00.000,17:55,2017-07-01T17:55:00.000,HAN,Howard St/4th St,San Francisco,CA,Intersection,Pending
493831,190870351,Traffic Stop,2019-03-28T00:00:00.000,2019-03-28T00:00:00.000,2019-03-28T00:00:00.000,04:20,2019-03-28T04:20:00.000,ADV,19th Av/holloway Av,San Francisco,CA,Intersection,Closed
2246727,170390007,Traffic Stop,2017-02-08T00:00:00.000,2017-02-08T00:00:00.000,2017-02-08T00:00:00.000,00:02,2017-02-08T00:02:00.000,HAN,Octavia St/haight St,San Francisco,CA,Intersection,Closed
101765,192534690,Suspicious Person,2019-09-10T00:00:00.000,2019-09-10T00:00:00.000,2019-09-10T00:00:00.000,23:49,2019-09-10T23:49:00.000,GOA,California St/16th Av,San Francisco,CA,Intersection,Pending
2862419,161332691,Homeless Complaint,2016-05-12T00:00:00.000,2016-05-12T00:00:00.000,2016-05-12T00:00:00.000,16:29,2016-05-12T16:29:00.000,ADV,Folsom St/18th St,San Francisco,CA,Intersection,Pending
313226,191643046,Assault / Battery,2019-06-13T00:00:00.000,2019-06-13T00:00:00.000,2019-06-13T00:00:00.000,17:15,2019-06-13T17:15:00.000,REP,700 Block Of Lombard St,San Francisco,CA,Common Location,Withdrawn
2539096,162741226,Panic Alarm,2016-09-30T00:00:00.000,2016-09-30T00:00:00.000,2016-09-30T00:00:00.000,10:09,2016-09-30T10:09:00.000,NCR,900 Block Of Vienna St,San Francisco,CA,Premise Address,Closed
829419,182980579,Homeless Complaint,2018-10-25T00:00:00.000,2018-10-25T00:00:00.000,2018-10-25T00:00:00.000,07:22,2018-10-25T07:22:00.000,GOA,100 Block Of Collingwood St,San Francisco,CA,Premise Address,Closed
1160350,181470013,Poss,2018-05-27T00:00:00.000,2018-05-27T00:00:00.000,2018-05-27T00:00:00.000,00:02,2018-05-27T00:02:00.000,NOM,600 Block Of Irving St,San Francisco,CA,Premise Address,Withdrawn
1910654,171821202,Suspicious Person,2017-07-01T00:00:00.000,2017-07-01T00:00:00.000,2017-07-01T00:00:00.000,10:48,2017-07-01T10:48:00.000,NOM,Block Of Ellis St,San Francisco,CA,Premise Address,Pending
2941188,161000123,Audible Alarm,2016-04-09T00:00:00.000,2016-04-09T00:00:00.000,2016-04-09T00:00:00.000,00:46,2016-04-09T00:46:00.000,PAS,400 Block Of Amber Dr,San Francisco,CA,Premise Address,Closed
1717650,172632548,Dw,2017-09-20T00:00:00.000,2017-09-20T00:00:00.000,2017-09-20T00:00:00.000,14:59,2017-09-20T14:59:00.000,22,3400 Block Of 18th St,San Francisco,CA,Premise Address,Pending
1365477,180550127,Traffic Stop,2018-02-24T00:00:00.000,2018-02-24T00:00:00.000,2018-02-24T00:00:00.000,00:59,2018-02-24T00:59:00.000,CIT,Ellis St/hyde St,San Francisco,CA,Intersection,Withdrawn
378348,191360792,Suspicious Person,2019-05-16T00:00:00.000,2019-05-16T00:00:00.000,2019-05-16T00:00:00.000,08:23,2019-05-16T08:23:00.000,ARR,200 Block Of Golden Gate Av,San Francisco,CA,Premise Address,Closed
852890,182872475,518,2018-10-14T00:00:00.000,2018-10-14T00:00:00.000,2018-10-14T00:00:00.000,16:21,2018-10-14T16:21:00.000,HAN,400 Block Of 7th Av,San Francisco,CA,Premise Address,Pending
1573105,173261380,Suspicious Person,2017-11-22T00:00:00.000,2017-11-22T00:00:00.000,2017-11-22T00:00:00.000,11:06,2017-11-22T11:06:00.000,HAN,Hudson Av/ardath Ct,San Francisco,CA,Intersection,Closed
950166,182452716,Complaint Unkn,2018-09-02T00:00:00.000,2018-09-02T00:00:00.000,2018-09-02T00:00:00.000,17:59,2018-09-02T17:59:00.000,NOM,1000 Block Of Mission St,San Francisco,CA,Premise Address,Pending
1252624,181064210,Traffic Stop,2018-04-16T00:00:00.000,2018-04-16T00:00:00.000,2018-04-16T00:00:00.000,23:40,2018-04-16T23:40:00.000,ADV,19th St/south Van Ness Av,San Francisco,CA,Intersection,Closed
2677962,162153768,221,2016-08-02T00:00:00.000,2016-08-02T00:00:00.000,2016-08-02T00:00:00.000,22:39,2016-08-02T22:39:00.000,REP,Shotwell St/21st St,San Francisco,CA,Intersection,Pending
825180,182994055,Passing Call,2018-10-26T00:00:00.000,2018-10-26T00:00:00.000,2018-10-26T00:00:00.000,21:53,2018-10-26T21:53:00.000,HAN,3rd St/revere Av,San Francisco,CA,Intersection,Pending
1473738,180062541,22500e,2018-01-06T00:00:00.000,2018-01-06T00:00:00.000,2018-01-06T00:00:00.000,16:38,2018-01-06T16:38:00.000,CAN,200 Block Of Grand View Av,San Francisco,CA,Premise Address,Closed
22912,192860742,Suspicious Person,2019-10-13T00:00:00.000,2019-10-13T00:00:00.000,2019-10-13T00:00:00.000,07:25,2019-10-13T07:25:00.000,HAN,Drumm St/sacramento St,San Francisco,CA,Intersection,Pending
2609357,162451644,Passing Call,2016-09-01T00:00:00.000,2016-09-01T00:00:00.000,2016-09-01T00:00:00.000,11:50,2016-09-01T11:50:00.000,Not recorded,Hyde St/jefferson St,San Francisco,CA,Intersection,Pending
2364407,163500089,Rep,2016-12-15T00:00:00.000,2016-12-15T00:00:00.000,2016-12-15T00:00:00.000,00:40,2016-12-15T00:40:00.000,HAN,800 Block Of Ofarrell St,San Francisco,CA,Premise Address,Closed
532357,190701513,Assault / Battery,2019-03-11T00:00:00.000,2019-03-11T00:00:00.000,2019-03-11T00:00:00.000,11:17,2019-03-11T11:17:00.000,HAN,5500 Block Of Geary Bl,San Francisco,CA,Premise Address,Closed
1205646,181263378,Traffic Stop,2018-05-06T00:00:00.000,2018-05-06T00:00:00.000,2018-05-06T00:00:00.000,20:44,2018-05-06T20:44:00.000,CIT,20th St/mission St,San Francisco,CA,Intersection,Closed
1393468,180421621,Gz,2018-02-11T00:00:00.000,2018-02-11T00:00:00.000,2018-02-11T00:00:00.000,12:47,2018-02-11T12:47:00.000,CAN,200 Block Of Valencia St,San Francisco,CA,Premise Address,Withdrawn
1980284,171513096,Traffic Stop,2017-05-31T00:00:00.000,2017-05-31T00:00:00.000,2017-05-31T00:00:00.000,17:32,2017-05-31T17:32:00.000,HAN,Winston Dr/stonecrest Dr,San Francisco,CA,Intersection,Closed
1362250,180562417,Suspicious Person,2018-02-25T00:00:00.000,2018-02-25T00:00:00.000,2018-02-25T00:00:00.000,16:40,2018-02-25T16:40:00.000,ADV,Powell St/market St,San Francisco,CA,Intersection,Withdrawn
116883,192474226,Fight No Weapon,2019-09-04T00:00:00.000,2019-09-04T00:00:00.000,2019-09-04T00:00:00.000,20:32,2019-09-04T20:32:00.000,HAN,100 Block Of Thrift St,San Francisco,CA,Premise Address,Pending
2730460,161903592,650,2016-07-08T00:00:00.000,2016-07-08T00:00:00.000,2016-07-08T00:00:00.000,23:40,2016-07-08T23:40:00.000,ABA,100 Block Of 6th St #318,San Francisco,CA,Common Location,Closed
163225,192283039,Muni Inspection,2019-08-16T00:00:00.000,2019-08-16T00:00:00.000,2019-08-16T00:00:00.000,17:39,2019-08-16T17:39:00.000,Not recorded,1500 Block Of Market St,San Francisco,CA,Common Location,Closed
1633001,173000511,Noise Nuisance,2017-10-27T00:00:00.000,2017-10-27T00:00:00.000,2017-10-27T00:00:00.000,05:07,2017-10-27T05:07:00.000,GOA,2nd St/howard St,San Francisco,CA,Intersection,Closed
944482,182481929,Traf Violation Cite,2018-09-05T00:00:00.000,2018-09-05T00:00:00.000,2018-09-05T00:00:00.000,12:24,2018-09-05T12:24:00.000,CIT,2700 Block Of Bryant St,San Francisco,CA,Premise Address,Closed
1031750,182083281,Poss,2018-07-27T00:00:00.000,2018-07-27T00:00:00.000,2018-07-27T00:00:00.000,19:39,2018-07-27T19:39:00.000,NOM,Mariposa St/3rd St,San Francisco,CA,Intersection,Closed
1924986,171753597,Poss,2017-06-24T00:00:00.000,2017-06-24T00:00:00.000,2017-06-24T00:00:00.000,20:33,2017-06-24T20:33:00.000,NOM,200 Block Of Shipley St,San Francisco,CA,Premise Address,Pending
1118957,181663801,Traffic Stop,2018-06-15T00:00:00.000,2018-06-15T00:00:00.000,2018-06-15T00:00:00.000,23:09,2018-06-15T23:09:00.000,ARR,10th St/bryant St,San Francisco,CA,Intersection,Pending
2432307,163190521,Panic Alarm,2016-11-14T00:00:00.000,2016-11-14T00:00:00.000,2016-11-14T00:00:00.000,07:01,2016-11-14T07:01:00.000,NCR,1600 Block Of Larkin St,San Francisco,CA,Premise Address,Pending
589198,190431208,500e,2019-02-12T00:00:00.000,2019-02-12T00:00:00.000,2019-02-12T00:00:00.000,10:08,2019-02-12T10:08:00.000,CIT,2200 Block Of 39th Av,San Francisco,CA,Premise Address,Pending
2390576,163381424,Fight No Weapon,2016-12-03T00:00:00.000,2016-12-03T00:00:00.000,2016-12-03T00:00:00.000,11:24,2016-12-03T11:24:00.000,Not recorded,5th St/mission St,San Francisco,CA,Intersection,Closed
913954,182613707,459 Poss,2018-09-18T00:00:00.000,2018-09-18T00:00:00.000,2018-09-18T00:00:00.000,20:03,2018-09-18T20:03:00.000,HAN,0 Block Of Rodgers St,San Francisco,CA,Premise Address,Pending
1934691,171712873,Traffic Stop,2017-06-20T00:00:00.000,2017-06-20T00:00:00.000,2017-06-20T00:00:00.000,16:47,2017-06-20T16:47:00.000,HAN,Lombard St/franklin St,San Francisco,CA,Intersection,Closed
2288848,170193665,911 Drop Call,2017-01-19T00:00:00.000,2017-01-19T00:00:00.000,2017-01-19T00:00:00.000,21:28,2017-01-19T21:28:00.000,PAS,1000 Block Of Tennessee St,San Francisco,CA,Premise Address,Pending
248471,191923726,Caser,2019-07-11T00:00:00.000,2019-07-11T00:00:00.000,2019-07-11T00:00:00.000,19:13,2019-07-11T19:13:00.000,GOA,Union St/larkin St,San Francisco,CA,Intersection,Closed
563274,190552053,R/o,2019-02-24T00:00:00.000,2019-02-24T00:00:00.000,2019-02-24T00:00:00.000,15:01,2019-02-24T15:01:00.000,NOM,600 Block Of Vienna St,San Francisco,CA,Premise Address,Pending
1140535,181560997,586,2018-06-05T00:00:00.000,2018-06-05T00:00:00.000,2018-06-05T00:00:00.000,09:40,2018-06-05T09:40:00.000,ADV,700 Block Of The Embarcadero Nor,San Francisco,CA,Common Location,Closed
1154683,181492711,Muni Inspection,2018-05-29T00:00:00.000,2018-05-29T00:00:00.000,2018-05-29T00:00:00.000,16:35,2018-05-29T16:35:00.000,HAN,2nd St/king St,San Francisco,CA,Intersection,Pending
2168543,170722216,Suspicious Person,2017-03-13T00:00:00.000,2017-03-13T00:00:00.000,2017-03-13T00:00:00.000,14:13,2017-03-13T14:13:00.000,HAN,Polk St/grove St,San Francisco,CA,Intersection,Pending
2819743,161520871,Prisoner Transport,2016-05-31T00:00:00.000,2016-05-31T00:00:00.000,2016-05-31T00:00:00.000,08:53,2016-05-31T08:53:00.000,HAN,400 Block Of 7th St,San Francisco,CA,Common Location,Pending
933233,182532501,Passing Call,2018-09-10T00:00:00.000,2018-09-10T00:00:00.000,2018-09-10T00:00:00.000,15:33,2018-09-10T15:33:00.000,HAN,2200 Block Of Market St,San Francisco,CA,Premise Address,Pending
756892,183302187,Well Being Check,2018-11-26T00:00:00.000,2018-11-26T00:00:00.000,2018-11-26T00:00:00.000,14:30,2018-11-26T14:30:00.000,GOA,900 Block Of Page St,San Francisco,CA,Premise Address,Pending
2726471,161930321,Meet W/citizen,2016-07-11T00:00:00.000,2016-07-11T00:00:00.000,2016-07-11T00:00:00.000,04:02,2016-07-11T04:02:00.000,HAN,300 Block Of Grand View Av,San Francisco,CA,Premise Address,Pending
1548657,173373242,Drunk Driver,2017-12-03T00:00:00.000,2017-12-03T00:00:00.000,2017-12-03T00:00:00.000,19:39,2017-12-03T19:39:00.000,ADV,1200 Block Of Arguello Bl,San Francisco,CA,Common Location,Pending
314208,191641109,Caser Poss,2019-06-13T00:00:00.000,2019-06-13T00:00:00.000,2019-06-13T00:00:00.000,09:47,2019-06-13T09:47:00.000,HAN,1800 Block Of Noe St,San Francisco,CA,Premise Address,Closed
1100536,181753931,Suspicious Person,2018-06-24T00:00:00.000,2018-06-24T00:00:00.000,2018-06-24T00:00:00.000,23:29,2018-06-24T23:29:00.000,UTL,Polk St/green St,San Francisco,CA,Intersection,Closed
1055081,181980170,Suspicious Person,2018-07-17T00:00:00.000,2018-07-17T00:00:00.000,2018-07-17T00:00:00.000,01:41,2018-07-17T01:41:00.000,HAN,500 Block Of Fillmore St,San Francisco,CA,Premise Address,Pending
1048582,182003904,Suspicious Vehicle,2018-07-19T00:00:00.000,2018-07-19T00:00:00.000,2018-07-19T00:00:00.000,22:29,2018-07-19T22:29:00.000,ADM,Harbor Rd/ingalls St,San Francisco,CA,Intersection,Closed
408213,191230404,Passing Call,2019-05-03T00:00:00.000,2019-05-03T00:00:00.000,2019-05-03T00:00:00.000,05:43,2019-05-03T05:43:00.000,HAN,2700 Block Of 42nd Av,San Francisco,CA,Common Location,Pending
2871195,161292581,Suspicious Person,2016-05-08T00:00:00.000,2016-05-08T00:00:00.000,2016-05-08T00:00:00.000,17:46,2016-05-08T17:46:00.000,ADV,600 Block Of Beach St,San Francisco,CA,Common Location,Closed
1162818,181453800,Passing Call,2018-05-25T00:00:00.000,2018-05-25T00:00:00.000,2018-05-25T00:00:00.000,21:28,2018-05-25T21:28:00.000,Not recorded,Judah St/la Playa,San Francisco,CA,Intersection,Closed
502480,190831227,Threats / Harassment,2019-03-24T00:00:00.000,2019-03-24T00:00:00.000,2019-03-24T00:00:00.000,09:25,2019-03-24T09:25:00.000,ADV,700 Block Of Market St,San Francisco,CA,Premise Address,Closed
1790234,172331587,Physical,2017-08-21T00:00:00.000,2017-08-21T00:00:00.000,2017-08-21T00:00:00.000,11:00,2017-08-21T11:00:00.000,HAN,Elizabeth St/noe St,San Francisco,CA,Intersection,Pending
2718954,161962224,Passing Call,2016-07-14T00:00:00.000,2016-07-14T00:00:00.000,2016-07-14T00:00:00.000,15:01,2016-07-14T15:01:00.000,ND,3rd St/quesada Av,San Francisco,CA,Intersection,Pending
1734698,172563112,Petty Theft,2017-09-13T00:00:00.000,2017-09-13T00:00:00.000,2017-09-13T00:00:00.000,17:11,2017-09-13T17:11:00.000,GOA,900 Block Of Market St,San Francisco,CA,Premise Address,Pending
2021,192950671,22500e,2019-10-22T00:00:00.000,2019-10-22T00:00:00.000,2019-10-22T00:00:00.000,07:45,2019-10-22T07:45:00.000,CIT,1300 Block Of Chestnut St,San Francisco,CA,Premise Address,Pending
347859,191493584,Burglary,2019-05-29T00:00:00.000,2019-05-29T00:00:00.000,2019-05-29T00:00:00.000,19:20,2019-05-29T19:20:00.000,REP,400 Block Of Berry St,San Francisco,CA,Premise Address,Pending
2652173,162270594,Passing Call,2016-08-14T00:00:00.000,2016-08-14T00:00:00.000,2016-08-14T00:00:00.000,05:55,2016-08-14T05:55:00.000,HAN,Lombard St/hyde St,San Francisco,CA,Intersection,Closed
1079244,181862004,Campers,2018-07-05T00:00:00.000,2018-07-05T00:00:00.000,2018-07-05T00:00:00.000,13:03,2018-07-05T13:03:00.000,ADV,2300 Block Of Jennings St,San Francisco,CA,Premise Address,Pending
2732859,161893090,500e,2016-07-07T00:00:00.000,2016-07-07T00:00:00.000,2016-07-07T00:00:00.000,18:45,2016-07-07T18:45:00.000,CIT,0 Block Of Vesta St,San Francisco,CA,Premise Address,Closed
2405068,163312845,Fight No Weapon,2016-11-26T00:00:00.000,2016-11-26T00:00:00.000,2016-11-26T00:00:00.000,18:02,2016-11-26T18:02:00.000,HAN,0 Block Of Powell St,San Francisco,CA,Premise Address,Closed
1240036,181121276,Threats / Harassment,2018-04-22T00:00:00.000,2018-04-22T00:00:00.000,2018-04-22T00:00:00.000,10:56,2018-04-22T10:56:00.000,HAN,700 Block Of Eddy St,San Francisco,CA,Premise Address,Closed
35142,192810517,Passing Call,2019-10-08T00:00:00.000,2019-10-08T00:00:00.000,2019-10-08T00:00:00.000,06:49,2019-10-08T06:49:00.000,HAN,100 Block Of Scott St,San Francisco,CA,Common Location,Closed
1571767,173263821,Traffic Stop,2017-11-22T00:00:00.000,2017-11-22T00:00:00.000,2017-11-22T00:00:00.000,21:31,2017-11-22T21:31:00.000,CIT,19th Av/rivera St,San Francisco,CA,Intersection,Pending
463812,190992687,Suspicious Person,2019-04-09T00:00:00.000,2019-04-09T00:00:00.000,2019-04-09T00:00:00.000,15:49,2019-04-09T15:49:00.000,HAN,100 Block Of Cotter St,San Francisco,CA,Premise Address,Pending
472781,190953703,H&r Veh Accident,2019-04-05T00:00:00.000,2019-04-05T00:00:00.000,2019-04-05T00:00:00.000,19:16,2019-04-05T19:16:00.000,REP,1100 Block Of Fillmore St,San Francisco,CA,Common Location,Closed
2037591,171280604,Passing Call,2017-05-08T00:00:00.000,2017-05-08T00:00:00.000,2017-05-08T00:00:00.000,07:34,2017-05-08T07:34:00.000,HAN,800 Block Of 80 Eb Bay Br Z Sf,San Francisco,CA,Common Location,Closed
1189375,181332181,Vandalism,2018-05-13T00:00:00.000,2018-05-13T00:00:00.000,2018-05-13T00:00:00.000,15:55,2018-05-13T15:55:00.000,UTL,500 Block Of Shields St,San Francisco,CA,Premise Address,Withdrawn
2428402,163204005,Homeless Complaint,2016-11-15T00:00:00.000,2016-11-15T00:00:00.000,2016-11-15T00:00:00.000,22:14,2016-11-15T22:14:00.000,HAN,Morrell St/broadway,San Francisco,CA,Intersection,Closed
448433,191060610,Petty Theft,2019-04-16T00:00:00.000,2019-04-16T00:00:00.000,2019-04-16T00:00:00.000,07:40,2019-04-16T07:40:00.000,REP,2000 Block Of Market St,San Francisco,CA,Premise Address,Pending
2252256,170361748,Dw,2017-02-05T00:00:00.000,2017-02-05T00:00:00.000,2017-02-05T00:00:00.000,13:06,2017-02-05T13:06:00.000,GOA,1500 Block Of Fulton St,San Francisco,CA,Premise Address,Pending
550562,190611821,Passing Call,2019-03-02T00:00:00.000,2019-03-02T00:00:00.000,2019-03-02T00:00:00.000,13:34,2019-03-02T13:34:00.000,Not recorded,400 Blk Minna St,San Francisco,CA,Geo-Override,Closed
1025560,182113487,916,2018-07-30T00:00:00.000,2018-07-30T00:00:00.000,2018-07-30T00:00:00.000,21:50,2018-07-30T21:50:00.000,ADV,5500 Block Of California St,San Francisco,CA,Premise Address,Pending
1109152,181714071,Trespasser,2018-06-20T00:00:00.000,2018-06-20T00:00:00.000,2018-06-20T00:00:00.000,22:59,2018-06-20T22:59:00.000,ADV,1900 Block Of 15th St,San Francisco,CA,Premise Address,Closed
132938,192404822,Traffic Stop,2019-08-28T00:00:00.000,2019-08-28T00:00:00.000,2019-08-28T00:00:00.000,23:52,2019-08-28T23:52:00.000,CIT,Valencia St/16th St,San Francisco,CA,Intersection,Pending
2714309,161983001,Muni Inspection,2016-07-16T00:00:00.000,2016-07-16T00:00:00.000,2016-07-16T00:00:00.000,19:27,2016-07-16T19:27:00.000,HAN,Van Ness Av/ofarrell St,San Francisco,CA,Intersection,Closed
1959698,171601142,Passing Call,2017-06-09T00:00:00.000,2017-06-09T00:00:00.000,2017-06-09T00:00:00.000,10:07,2017-06-09T10:07:00.000,Not recorded,100 Block Of Taylor St,San Francisco,CA,Premise Address,Pending
1287000,180910359,Noise Nuisance,2018-04-01T00:00:00.000,2018-04-01T00:00:00.000,2018-04-01T00:00:00.000,03:19,2018-04-01T03:19:00.000,HAN,300 Block Of Mcallister St,San Francisco,CA,Premise Address,Closed
2873005,161283264,Homeless Complaint,2016-05-07T00:00:00.000,2016-05-07T00:00:00.000,2016-05-07T00:00:00.000,20:17,2016-05-07T20:17:00.000,ARR,26th St/bartlett St,San Francisco,CA,Intersection,Closed
767917,183243853,Traffic Stop,2018-11-20T00:00:00.000,2018-11-20T00:00:00.000,2018-11-20T00:00:00.000,22:59,2018-11-20T22:59:00.000,ADV,Ocean Av/23rd Av,San Francisco,CA,Intersection,Closed
1976467,171530953,Traffic Stop,2017-06-02T00:00:00.000,2017-06-02T00:00:00.000,2017-06-02T00:00:00.000,09:00,2017-06-02T09:00:00.000,CIT,Congo St/bosworth St,San Francisco,CA,Intersection,Closed
657058,190123461,Audible Alarm,2019-01-12T00:00:00.000,2019-01-12T00:00:00.000,2019-01-12T00:00:00.000,20:13,2019-01-12T20:13:00.000,NCR,400 Block Of Friedell St,Hunters Point,CA,Premise Address,Closed
2795671,161622820,Petty Theft,2016-06-10T00:00:00.000,2016-06-10T00:00:00.000,2016-06-10T00:00:00.000,17:33,2016-06-10T17:33:00.000,REP,Market St/drumm St,San Francisco,CA,Intersection,Closed
1910356,171821721,Prowler,2017-07-01T00:00:00.000,2017-07-01T00:00:00.000,2017-07-01T00:00:00.000,13:25,2017-07-01T13:25:00.000,PAS,100 Block Of Guerrero St,San Francisco,CA,Premise Address,Closed
608901,190341169,Traf Violation Cite,2019-02-03T00:00:00.000,2019-02-03T00:00:00.000,2019-02-03T00:00:00.000,10:29,2019-02-03T10:29:00.000,GOA,100 Block Of Seminole Av,San Francisco,CA,Premise Address,Closed
2145468,170814528,Trespasser,2017-03-22T00:00:00.000,2017-03-22T00:00:00.000,2017-03-22T00:00:00.000,23:50,2017-03-22T23:50:00.000,ADV,600 Block Of Polk St,San Francisco,CA,Premise Address,Closed
19103,192873709,415,2019-10-14T00:00:00.000,2019-10-14T00:00:00.000,2019-10-14T00:00:00.000,21:14,2019-10-14T21:14:00.000,Not recorded,Elm St/gough St,San Francisco,CA,Intersection,Pending
1270930,180982752,Suspicious Vehicle,2018-04-08T00:00:00.000,2018-04-08T00:00:00.000,2018-04-08T00:00:00.000,17:59,2018-04-08T17:59:00.000,ADV,Toland St/napoleon St,San Francisco,CA,Intersection,Closed
533627,190692797,Passing Call,2019-03-10T00:00:00.000,2019-03-10T00:00:00.000,2019-03-10T00:00:00.000,18:33,2019-03-10T18:33:00.000,HAN,700 Block Of California Av,Treasure Isla,CA,Premise Address,Withdrawn
985035,182301099,Passing Call,2018-08-18T00:00:00.000,2018-08-18T00:00:00.000,2018-08-18T00:00:00.000,09:57,2018-08-18T09:57:00.000,HAN,100 Block Of Parker Av,San Francisco,CA,Premise Address,Pending
2333521,163643328,Suspicious Vehicle,2016-12-29T00:00:00.000,2016-12-29T00:00:00.000,2016-12-29T00:00:00.000,20:35,2016-12-29T20:35:00.000,Not recorded,19th St/capp St,San Francisco,CA,Intersection,Closed
158382,192303202,Meet W/citizen,2019-08-18T00:00:00.000,2019-08-18T00:00:00.000,2019-08-18T00:00:00.000,18:31,2019-08-18T18:31:00.000,Not recorded,Harrison St/24th St,San Francisco,CA,Intersection,Pending
1801674,172283477,Traffic Stop,2017-08-16T00:00:00.000,2017-08-16T00:00:00.000,2017-08-16T00:00:00.000,17:55,2017-08-16T17:55:00.000,CIT,300 Block Of Townsend St,San Francisco,CA,Premise Address,Closed
1845317,172102201,Drugs,2017-07-29T00:00:00.000,2017-07-29T00:00:00.000,2017-07-29T00:00:00.000,15:04,2017-07-29T15:04:00.000,ADV,Church St/market St,San Francisco,CA,Intersection,Closed
22476,192861545,22500e,2019-10-13T00:00:00.000,2019-10-13T00:00:00.000,2019-10-13T00:00:00.000,11:47,2019-10-13T11:47:00.000,GOA,1400 Block Of 45th Av,San Francisco,CA,Premise Address,Pending
2102721,170993715,Passing Call,2017-04-09T00:00:00.000,2017-04-09T00:00:00.000,2017-04-09T00:00:00.000,22:40,2017-04-09T22:40:00.000,HAN,200 Block Of Olympia Wy,San Francisco,CA,Common Location,Pending
481324,190922168,Mentally Disturbed,2019-04-02T00:00:00.000,2019-04-02T00:00:00.000,2019-04-02T00:00:00.000,14:05,2019-04-02T14:05:00.000,UTL,1800 Block Of Bush St,San Francisco,CA,Premise Address,Closed
601457,190373060,Traffic Stop,2019-02-06T00:00:00.000,2019-02-06T00:00:00.000,2019-02-06T00:00:00.000,17:10,2019-02-06T17:10:00.000,HAN,300 Block Of Townsend St,San Francisco,CA,Premise Address,Pending
1049944,182001302,Passing Call,2018-07-19T00:00:00.000,2018-07-19T00:00:00.000,2018-07-19T00:00:00.000,10:38,2018-07-19T10:38:00.000,HAN,Ocean Av/brighton Av,San Francisco,CA,Intersection,Pending
2797853,161613115,Music,2016-06-09T00:00:00.000,2016-06-09T00:00:00.000,2016-06-09T00:00:00.000,18:28,2016-06-09T18:28:00.000,HAN,200 Block Of 6th St,San Francisco,CA,Premise Address,Pending
1574315,173253367,Muni Inspection,2017-11-21T00:00:00.000,2017-11-21T00:00:00.000,2017-11-21T00:00:00.000,19:11,2017-11-21T19:11:00.000,Not recorded,Mission St/24th St,San Francisco,CA,Intersection,Pending
2858324,161351598,Suspicious Vehicle,2016-05-14T00:00:00.000,2016-05-14T00:00:00.000,2016-05-14T00:00:00.000,12:45,2016-05-14T12:45:00.000,ND,45th Av/lincoln Wy,San Francisco,CA,Intersection,Closed
1290219,180893071,Dw,2018-03-30T00:00:00.000,2018-03-30T00:00:00.000,2018-03-30T00:00:00.000,17:33,2018-03-30T17:33:00.000,GOA,900 Block Of Santiago St,San Francisco,CA,Premise Address,Closed
1584550,173210617,Suspicious Person,2017-11-17T00:00:00.000,2017-11-17T00:00:00.000,2017-11-17T00:00:00.000,07:23,2017-11-17T07:23:00.000,HAN,2100 Blk Mission St,San Francisco,CA,Geo-Override,Pending
893334,182702688,Petty Theft,2018-09-27T00:00:00.000,2018-09-27T00:00:00.000,2018-09-27T00:00:00.000,16:23,2018-09-27T16:23:00.000,UTL,2400 Block Of Mission St,San Francisco,CA,Premise Address,Pending
869599,182802445,500e,2018-10-07T00:00:00.000,2018-10-07T00:00:00.000,2018-10-07T00:00:00.000,15:29,2018-10-07T15:29:00.000,HAN,1600 Block Of Chestnut St,San Francisco,CA,Premise Address,Closed
142768,192370062,Noise Nuisance,2019-08-25T00:00:00.000,2019-08-25T00:00:00.000,2019-08-25T00:00:00.000,00:15,2019-08-25T00:15:00.000,HAN,400 Block Of 30th St,San Francisco,CA,Premise Address,Withdrawn
811176,183052408,7.2.46,2018-11-01T00:00:00.000,2018-11-01T00:00:00.000,2018-11-01T00:00:00.000,14:05,2018-11-01T14:05:00.000,HAN,2100 Block Of Webster St,San Francisco,CA,Premise Address,Closed
2021656,171342892,Homeless Complaint,2017-05-14T00:00:00.000,2017-05-14T00:00:00.000,2017-05-14T00:00:00.000,19:06,2017-05-14T19:06:00.000,ADV,100 Block Of Church St,San Francisco,CA,Premise Address,Closed
1636478,172983432,Muni Inspection,2017-10-25T00:00:00.000,2017-10-25T00:00:00.000,2017-10-25T00:00:00.000,18:07,2017-10-25T18:07:00.000,HAN,California St/drumm St,San Francisco,CA,Intersection,Closed
465077,190990240,Roomate,2019-04-09T00:00:00.000,2019-04-09T00:00:00.000,2019-04-09T00:00:00.000,02:51,2019-04-09T02:51:00.000,ABA,200 Block Of Henry St,San Francisco,CA,Premise Address,Closed
556096,190584147,Passing Call,2019-02-27T00:00:00.000,2019-02-27T00:00:00.000,2019-02-27T00:00:00.000,23:44,2019-02-27T23:44:00.000,HAN,Pan Handle Moument,,CA,Geo-Override,Pending
833921,182960921,Passing Call,2018-10-23T00:00:00.000,2018-10-23T00:00:00.000,2018-10-23T00:00:00.000,08:45,2018-10-23T08:45:00.000,HAN,3500 Block Of Fillmore St,San Francisco,CA,Common Location,Closed
2042473,171254391,Passing Call,2017-05-05T00:00:00.000,2017-05-05T00:00:00.000,2017-05-05T00:00:00.000,22:44,2017-05-05T22:44:00.000,Not recorded,100 Block Of Grove St,San Francisco,CA,Common Location,Pending
578648,190482359,Traffic Stop,2019-02-17T00:00:00.000,2019-02-17T00:00:00.000,2019-02-17T00:00:00.000,16:09,2019-02-17T16:09:00.000,ADV,Haight St/ashbury St,San Francisco,CA,Intersection,Pending
2566483,162630772,Wanted Vehicle / Sub,2016-09-19T00:00:00.000,2016-09-19T00:00:00.000,2016-09-19T00:00:00.000,08:02,2016-09-19T08:02:00.000,HAN,5th St/mission St,San Francisco,CA,Intersection,Pending
347438,191494361,Passing Call,2019-05-29T00:00:00.000,2019-05-29T00:00:00.000,2019-05-29T00:00:00.000,23:56,2019-05-29T23:56:00.000,HAN,300 Blk Golden Gate Av,San Francisco,CA,Geo-Override,Closed
695492,183590661,911,2018-12-25T00:00:00.000,2018-12-25T00:00:00.000,2018-12-25T00:00:00.000,08:26,2018-12-25T08:26:00.000,ADV,1000 Block Of Mason St,San Francisco,CA,Premise Address,Pending
2573019,162601630,Auto Boost / Strip,2016-09-16T00:00:00.000,2016-09-16T00:00:00.000,2016-09-16T00:00:00.000,11:58,2016-09-16T11:58:00.000,REP,Geary St/powell St,San Francisco,CA,Intersection,Pending
824469,183000853,Threats / Harassment,2018-10-27T00:00:00.000,2018-10-27T00:00:00.000,2018-10-27T00:00:00.000,08:09,2018-10-27T08:09:00.000,REP,1200 Block Of 4th St,San Francisco,CA,Premise Address,Pending
2826365,161491074,"7,2,45",2016-05-28T00:00:00.000,2016-05-28T00:00:00.000,2016-05-28T00:00:00.000,09:34,2016-05-28T09:34:00.000,NOM,0 Block Of Castro St,San Francisco,CA,Premise Address,Closed
1800863,172290185,Loud Music,2017-08-17T00:00:00.000,2017-08-17T00:00:00.000,2017-08-17T00:00:00.000,01:52,2017-08-17T01:52:00.000,GOA,17th St/sanchez St,San Francisco,CA,Intersection,Pending
1091473,181801755,22500f,2018-06-29T00:00:00.000,2018-06-29T00:00:00.000,2018-06-29T00:00:00.000,13:03,2018-06-29T13:03:00.000,CIT,100 Block Of 14th Av,San Francisco,CA,Premise Address,Closed
1943644,171672656,Petty Theft,2017-06-16T00:00:00.000,2017-06-16T00:00:00.000,2017-06-16T00:00:00.000,16:15,2017-06-16T16:15:00.000,ND,2800 Block Of Mission St,San Francisco,CA,Premise Address,Closed
1041171,182042273,Traf Violation Cite,2018-07-23T00:00:00.000,2018-07-23T00:00:00.000,2018-07-23T00:00:00.000,15:01,2018-07-23T15:01:00.000,CIT,700 Block Of 47th Av,San Francisco,CA,Premise Address,Pending
1429176,180263084,Passing Call,2018-01-26T00:00:00.000,2018-01-26T00:00:00.000,2018-01-26T00:00:00.000,17:25,2018-01-26T17:25:00.000,HAN,3rd St/mariposa St,San Francisco,CA,Intersection,Closed
1941292,171682561,Passing Call,2017-06-17T00:00:00.000,2017-06-17T00:00:00.000,2017-06-17T00:00:00.000,16:59,2017-06-17T16:59:00.000,HAN,Ferry Building,,CA,Geo-Override,Pending
2565236,162633190,Traffic Stop,2016-09-19T00:00:00.000,2016-09-19T00:00:00.000,2016-09-19T00:00:00.000,17:09,2016-09-19T17:09:00.000,ADM,1st St/howard St,San Francisco,CA,Intersection,Closed
2821814,161510948,Traffic Stop,2016-05-30T00:00:00.000,2016-05-30T00:00:00.000,2016-05-30T00:00:00.000,09:28,2016-05-30T09:28:00.000,CIT,Joost Av/monterey Bl,San Francisco,CA,Intersection,Closed
2453789,163093446,Meet W/citizen,2016-11-04T00:00:00.000,2016-11-04T00:00:00.000,2016-11-04T00:00:00.000,19:06,2016-11-04T19:06:00.000,HAN,Leavenworth St/golden Gate Av,San Francisco,CA,Intersection,Closed
1937786,171701032,Trespasser,2017-06-19T00:00:00.000,2017-06-19T00:00:00.000,2017-06-19T00:00:00.000,09:46,2017-06-19T09:46:00.000,ADV,3700 Block Of 18th St,San Francisco,CA,Premise Address,Pending
1345017,180642234,Traffic Stop,2018-03-05T00:00:00.000,2018-03-05T00:00:00.000,2018-03-05T00:00:00.000,14:45,2018-03-05T14:45:00.000,CIT,Mission St/new Montgomery St,San Francisco,CA,Intersection,Closed
978322,182331377,Suspicious Person,2018-08-21T00:00:00.000,2018-08-21T00:00:00.000,2018-08-21T00:00:00.000,10:58,2018-08-21T10:58:00.000,GOA,500 Block Of Jones St,San Francisco,CA,Premise Address,Pending
1508374,173550210,Homeless Complaint,2017-12-21T00:00:00.000,2017-12-21T00:00:00.000,2017-12-21T00:00:00.000,02:46,2017-12-21T02:46:00.000,HAN,Market St/drumm St,San Francisco,CA,Intersection,Pending
2167528,170724083,Suicide Attempt,2017-03-13T00:00:00.000,2017-03-13T00:00:00.000,2017-03-13T00:00:00.000,22:10,2017-03-13T22:10:00.000,REP,1000 Block Of Howard St,San Francisco,CA,Premise Address,Pending
1121832,181651977,Physical,2018-06-14T00:00:00.000,2018-06-14T00:00:00.000,2018-06-14T00:00:00.000,13:43,2018-06-14T13:43:00.000,UTL,Mission St/4th St,San Francisco,CA,Intersection,Pending
1854605,172062612,Trespasser,2017-07-25T00:00:00.000,2017-07-25T00:00:00.000,2017-07-25T00:00:00.000,15:31,2017-07-25T15:31:00.000,UTL,700 Block Of Ellis St,San Francisco,CA,Premise Address,Pending
1725903,172600554,Auto Boost / Strip,2017-09-17T00:00:00.000,2017-09-17T00:00:00.000,2017-09-17T00:00:00.000,04:44,2017-09-17T04:44:00.000,ND,2000 Block Of 31st Av,San Francisco,CA,Premise Address,Pending
1630508,173010314,916,2017-10-28T00:00:00.000,2017-10-28T00:00:00.000,2017-10-28T00:00:00.000,01:43,2017-10-28T01:43:00.000,HAN,800 Block Of Gonzalez Dr,San Francisco,CA,Premise Address,Closed
1682049,172781712,Passing Call,2017-10-05T00:00:00.000,2017-10-05T00:00:00.000,2017-10-05T00:00:00.000,12:09,2017-10-05T12:09:00.000,Not recorded,0 Block Of United Nations Pz,San Francisco,CA,Common Location,Withdrawn
418214,191183773,Susp,2019-04-28T00:00:00.000,2019-04-28T00:00:00.000,2019-04-28T00:00:00.000,22:47,2019-04-28T22:47:00.000,GOA,100 Block Of Van Ness Av,San Francisco,CA,Premise Address,Withdrawn
629591,190251717,Passing Call,2019-01-25T00:00:00.000,2019-01-25T00:00:00.000,2019-01-25T00:00:00.000,12:25,2019-01-25T12:25:00.000,Not recorded,3rd St/paul Av,San Francisco,CA,Intersection,Pending
1273660,180971820,Reckless,2018-04-07T00:00:00.000,2018-04-07T00:00:00.000,2018-04-07T00:00:00.000,13:09,2018-04-07T13:09:00.000,ND,Junipero Serra Bl/winston Dr,San Francisco,CA,Intersection,Closed
179517,192220185,811,2019-08-10T00:00:00.000,2019-08-10T00:00:00.000,2019-08-10T00:00:00.000,01:19,2019-08-10T01:19:00.000,GOA,1000 Block Of South Van Ness Av,San Francisco,CA,Premise Address,Closed
2810212,161561303,650,2016-06-04T00:00:00.000,2016-06-04T00:00:00.000,2016-06-04T00:00:00.000,11:17,2016-06-04T11:17:00.000,ND,Leavenworth St/pacific Av,San Francisco,CA,Intersection,Closed
1938900,171692963,Indecent Exposure,2017-06-18T00:00:00.000,2017-06-18T00:00:00.000,2017-06-18T00:00:00.000,18:03,2017-06-18T18:03:00.000,UTL,Romolo St/vallejo St,San Francisco,CA,Intersection,Closed
2053522,171211202,Fight No Weapon,2017-05-01T00:00:00.000,2017-05-01T00:00:00.000,2017-05-01T00:00:00.000,09:57,2017-05-01T09:57:00.000,HAN,6300 Block Of Geary Bl,San Francisco,CA,Premise Address,Pending
1333030,180693568,Passing Call,2018-03-10T00:00:00.000,2018-03-10T00:00:00.000,2018-03-10T00:00:00.000,21:26,2018-03-10T21:26:00.000,HAN,Judah St/la Playa,San Francisco,CA,Intersection,Pending
1002779,182221372,Passing Call,2018-08-10T00:00:00.000,2018-08-10T00:00:00.000,2018-08-10T00:00:00.000,11:00,2018-08-10T11:00:00.000,HAN,St. Francis,,CA,Geo-Override,Pending
687588,183631657,Traf Violation Cite,2018-12-29T00:00:00.000,2018-12-29T00:00:00.000,2018-12-29T00:00:00.000,13:34,2018-12-29T13:34:00.000,ADV,1600 Block Of 12th Av,San Francisco,CA,Premise Address,Closed
1738480,172550481,415,2017-09-12T00:00:00.000,2017-09-12T00:00:00.000,2017-09-12T00:00:00.000,06:07,2017-09-12T06:07:00.000,GOA,1500 Block Of Galvez Av,San Francisco,CA,Premise Address,Pending
2942045,160992741,Vandalism,2016-04-08T00:00:00.000,2016-04-08T00:00:00.000,2016-04-08T00:00:00.000,17:23,2016-04-08T17:23:00.000,REP,200 Block Of Gardenside Dr,San Francisco,CA,Premise Address,Pending
1296195,180870332,Audible Alarm,2018-03-28T00:00:00.000,2018-03-28T00:00:00.000,2018-03-28T00:00:00.000,04:37,2018-03-28T04:37:00.000,PAS,0 Block Of Sycamore St,San Francisco,CA,Premise Address,Withdrawn
1998035,171442148,909,2017-05-24T00:00:00.000,2017-05-24T00:00:00.000,2017-05-24T00:00:00.000,13:16,2017-05-24T13:16:00.000,CAN,0 Block Of Patton St,San Francisco,CA,Premise Address,Pending
2252742,170360909,Homeless Complaint,2017-02-05T00:00:00.000,2017-02-05T00:00:00.000,2017-02-05T00:00:00.000,08:16,2017-02-05T08:16:00.000,CIT,400 Blk Stevenson St,San Francisco,CA,Geo-Override,Pending
1946566,171661552,Traffic Stop,2017-06-15T00:00:00.000,2017-06-15T00:00:00.000,2017-06-15T00:00:00.000,11:45,2017-06-15T11:45:00.000,CIT,Geary St/larkin St,San Francisco,CA,Intersection,Closed
1338017,180673131,Muni Inspection,2018-03-08T00:00:00.000,2018-03-08T00:00:00.000,2018-03-08T00:00:00.000,17:01,2018-03-08T17:01:00.000,HAN,Grant Av/ofarrell St,San Francisco,CA,Intersection,Pending
2211060,170542882,915,2017-02-23T00:00:00.000,2017-02-23T00:00:00.000,2017-02-23T00:00:00.000,16:43,2017-02-23T16:43:00.000,HAN,400 Block Of West Portal Av,San Francisco,CA,Premise Address,Pending
2882561,161243232,Homeless Complaint,2016-05-03T00:00:00.000,2016-05-03T00:00:00.000,2016-05-03T00:00:00.000,19:27,2016-05-03T19:27:00.000,ADV,4800 Block Of Geary Bl,San Francisco,CA,Premise Address,Pending
1155816,181490501,Audible Alarm,2018-05-29T00:00:00.000,2018-05-29T00:00:00.000,2018-05-29T00:00:00.000,06:57,2018-05-29T06:57:00.000,PAS,0 Block Of Bowman Ct,San Francisco,CA,Premise Address,Withdrawn
1677111,172801827,Audible Alarm,2017-10-07T00:00:00.000,2017-10-07T00:00:00.000,2017-10-07T00:00:00.000,12:51,2017-10-07T12:51:00.000,PAS,900 Block Of 27th St,San Francisco,CA,Premise Address,Pending
2722297,161950099,Auto Boost / Strip,2016-07-13T00:00:00.000,2016-07-13T00:00:00.000,2016-07-13T00:00:00.000,01:05,2016-07-13T01:05:00.000,REP,Geary Bl/van Ness Av,San Francisco,CA,Intersection,Closed
2864271,161323310,Homeless Complaint,2016-05-11T00:00:00.000,2016-05-11T00:00:00.000,2016-05-11T00:00:00.000,20:12,2016-05-11T20:12:00.000,HAN,100 Block Of 14th Av,San Francisco,CA,Premise Address,Closed
2761673,161772073,Suspicious Person,2016-06-25T00:00:00.000,2016-06-25T00:00:00.000,2016-06-25T00:00:00.000,13:47,2016-06-25T13:47:00.000,CIT,Jones St/market St,San Francisco,CA,Intersection,Pending
2601064,162483377,Auto Boost / Strip,2016-09-04T00:00:00.000,2016-09-04T00:00:00.000,2016-09-04T00:00:00.000,21:27,2016-09-04T21:27:00.000,REP,Grant Av/pacific Av,San Francisco,CA,Intersection,Closed
2199804,170592065,Suspicious Vehicle,2017-02-28T00:00:00.000,2017-02-28T00:00:00.000,2017-02-28T00:00:00.000,11:44,2017-02-28T11:44:00.000,HAN,100 Block Of Hancock St,San Francisco,CA,Premise Address,Pending
1951062,171641104,909,2017-06-13T00:00:00.000,2017-06-13T00:00:00.000,2017-06-13T00:00:00.000,09:44,2017-06-13T09:44:00.000,Not recorded,1800 Block Of Folsom St,San Francisco,CA,Common Location,Closed
781091,183182572,Prisoner Transport,2018-11-14T00:00:00.000,2018-11-14T00:00:00.000,2018-11-14T00:00:00.000,14:58,2018-11-14T14:58:00.000,HAN,1000 Block Of Potrero Av,San Francisco,CA,Common Location,Pending
2235226,170440151,Passing Call,2017-02-13T00:00:00.000,2017-02-13T00:00:00.000,2017-02-13T00:00:00.000,01:23,2017-02-13T01:23:00.000,Not recorded,Lombard St/hyde St,San Francisco,CA,Intersection,Pending
996128,182251233,Suspicious Person,2018-08-13T00:00:00.000,2018-08-13T00:00:00.000,2018-08-13T00:00:00.000,10:32,2018-08-13T10:32:00.000,HAN,1000 Block Of Mission St,San Francisco,CA,Premise Address,Pending
581535,190470897,Passing Call,2019-02-16T00:00:00.000,2019-02-16T00:00:00.000,2019-02-16T00:00:00.000,09:02,2019-02-16T09:02:00.000,HAN,600 Block Of Bay St,San Francisco,CA,Premise Address,Closed
2686165,162113930,Indecent Exposure,2016-07-29T00:00:00.000,2016-07-29T00:00:00.000,2016-07-29T00:00:00.000,23:49,2016-07-29T23:49:00.000,ND,200 Block Of San Carlos St,San Francisco,CA,Premise Address,Pending
1860543,172034155,Casing,2017-07-22T00:00:00.000,2017-07-22T00:00:00.000,2017-07-22T00:00:00.000,23:05,2017-07-22T23:05:00.000,UTL,Jackson St/polk St,San Francisco,CA,Intersection,Pending
1594688,173162362,Missing Juvenile,2017-11-12T00:00:00.000,2017-11-12T00:00:00.000,2017-11-12T00:00:00.000,15:45,2017-11-12T15:45:00.000,HAN,Vicente St/23rd Av,San Francisco,CA,Intersection,Pending
2078719,171102621,Passing Call,2017-04-20T00:00:00.000,2017-04-20T00:00:00.000,2017-04-20T00:00:00.000,15:39,2017-04-20T15:39:00.000,HAN,Loomis,,CA,Geo-Override,Closed
638468,190211919,Passing Call,2019-01-21T00:00:00.000,2019-01-21T00:00:00.000,2019-01-21T00:00:00.000,13:15,2019-01-21T13:15:00.000,Not recorded,Leland Av/bayshore Bl,San Francisco,CA,Intersection,Closed
980279,182322160,Passing Call,2018-08-20T00:00:00.000,2018-08-20T00:00:00.000,2018-08-20T00:00:00.000,13:33,2018-08-20T13:33:00.000,Not recorded,0 Block Of United Nations Pz,San Francisco,CA,Common Location,Closed
354978,191462997,Injury Veh Accident,2019-05-26T00:00:00.000,2019-05-26T00:00:00.000,2019-05-26T00:00:00.000,18:44,2019-05-26T18:44:00.000,REP,300 Block Of The Embarcadero Nor,San Francisco,CA,Common Location,Pending
1914877,171801693,Stolen Vehicle,2017-06-29T00:00:00.000,2017-06-29T00:00:00.000,2017-06-29T00:00:00.000,12:35,2017-06-29T12:35:00.000,REP,1600 Block Of Waller St,San Francisco,CA,Premise Address,Withdrawn
2727698,161921728,Traf Violation Cite,2016-07-10T00:00:00.000,2016-07-10T00:00:00.000,2016-07-10T00:00:00.000,13:31,2016-07-10T13:31:00.000,CIT,1800 Block Of 26th Av,San Francisco,CA,Premise Address,Closed
2650977,162272702,800 Poss,2016-08-14T00:00:00.000,2016-08-14T00:00:00.000,2016-08-14T00:00:00.000,18:15,2016-08-14T18:15:00.000,HAN,800 Block Of 18th Av,San Francisco,CA,Premise Address,Closed
961282,182402623,Well Being Check,2018-08-28T00:00:00.000,2018-08-28T00:00:00.000,2018-08-28T00:00:00.000,15:56,2018-08-28T15:56:00.000,ND,100 Block Of Eddy St,San Francisco,CA,Premise Address,Closed
2454638,163091768,Complaint Unkn,2016-11-04T00:00:00.000,2016-11-04T00:00:00.000,2016-11-04T00:00:00.000,12:30,2016-11-04T12:30:00.000,NOM,2100 Block Of Mission St,San Francisco,CA,Premise Address,Pending
2733577,161891798,Trespasser,2016-07-07T00:00:00.000,2016-07-07T00:00:00.000,2016-07-07T00:00:00.000,13:10,2016-07-07T13:10:00.000,GOA,0 Block Of 6th St,San Francisco,CA,Premise Address,Withdrawn
523738,190740476,Audible Alarm,2019-03-15T00:00:00.000,2019-03-15T00:00:00.000,2019-03-15T00:00:00.000,05:57,2019-03-15T05:57:00.000,NCR,2500 Block Of 3rd St,San Francisco,CA,Premise Address,Closed
2697894,162061616,Missing Juvenile,2016-07-24T00:00:00.000,2016-07-24T00:00:00.000,2016-07-24T00:00:00.000,13:29,2016-07-24T13:29:00.000,ND,2700 Block Of Hyde St,San Francisco,CA,Premise Address,Pending
924890,182564131,Traffic Stop,2018-09-13T00:00:00.000,2018-09-13T00:00:00.000,2018-09-13T00:00:00.000,23:12,2018-09-13T23:12:00.000,ADV,23rd St/san Bruno Av,San Francisco,CA,Intersection,Pending
754359,183313156,22500f,2018-11-27T00:00:00.000,2018-11-27T00:00:00.000,2018-11-27T00:00:00.000,18:41,2018-11-27T18:41:00.000,UTL,100 Block Of Farallones St,San Francisco,CA,Premise Address,Closed
1690183,172743982,915,2017-10-01T00:00:00.000,2017-10-01T00:00:00.000,2017-10-01T00:00:00.000,22:32,2017-10-01T22:32:00.000,ADV,1800 Block Of Irving St,San Francisco,CA,Premise Address,Closed
2666702,162203189,Fight No Weapon,2016-08-07T00:00:00.000,2016-08-07T00:00:00.000,2016-08-07T00:00:00.000,20:05,2016-08-07T20:05:00.000,GOA,1400 Block Of 19th Av,San Francisco,CA,Premise Address,Pending
541321,190660715,Drugs,2019-03-07T00:00:00.000,2019-03-07T00:00:00.000,2019-03-07T00:00:00.000,07:58,2019-03-07T07:58:00.000,UTL,Willow St/polk St,San Francisco,CA,Intersection,Closed
2798251,161612395,Homeless Complaint,2016-06-09T00:00:00.000,2016-06-09T00:00:00.000,2016-06-09T00:00:00.000,15:32,2016-06-09T15:32:00.000,ND,1700 Block Of 15th St,San Francisco,CA,Premise Address,Closed
2304182,170123937,Traffic Stop,2017-01-12T00:00:00.000,2017-01-12T00:00:00.000,2017-01-12T00:00:00.000,23:31,2017-01-12T23:31:00.000,ADV,Larkin St/ellis St,San Francisco,CA,Intersection,Closed
1040336,182043705,Traf Violation Cite,2018-07-23T00:00:00.000,2018-07-23T00:00:00.000,2018-07-23T00:00:00.000,20:41,2018-07-23T20:41:00.000,CIT,500 Block Of 29th St,San Francisco,CA,Premise Address,Withdrawn
1037345,182061023,915,2018-07-25T00:00:00.000,2018-07-25T00:00:00.000,2018-07-25T00:00:00.000,08:53,2018-07-25T08:53:00.000,HAN,1600 Block Of Galvez Av,San Francisco,CA,Premise Address,Pending
561049,190562652,Grand Theft,2019-02-25T00:00:00.000,2019-02-25T00:00:00.000,2019-02-25T00:00:00.000,16:37,2019-02-25T16:37:00.000,REP,500 Block Of Beale St,San Francisco,CA,Premise Address,Pending
2377768,163440745,Homeless Complaint,2016-12-09T00:00:00.000,2016-12-09T00:00:00.000,2016-12-09T00:00:00.000,08:08,2016-12-09T08:08:00.000,UTL,400 Block Of Market St,San Francisco,CA,Premise Address,Pending
468983,190971525,Mentally Disturbed,2019-04-07T00:00:00.000,2019-04-07T00:00:00.000,2019-04-07T00:00:00.000,12:02,2019-04-07T12:02:00.000,UTL,300 Block Of Church St,San Francisco,CA,Premise Address,Closed
2466843,163041502,Homeless Complaint,2016-10-30T00:00:00.000,2016-10-30T00:00:00.000,2016-10-30T00:00:00.000,09:40,2016-10-30T09:40:00.000,ADV,The Embarcadero Sou/folsom St,San Francisco,CA,Intersection,Pending
1603797,173122579,Veh Accident,2017-11-08T00:00:00.000,2017-11-08T00:00:00.000,2017-11-08T00:00:00.000,15:14,2017-11-08T15:14:00.000,HAN,Harrison St/5th St,San Francisco,CA,Intersection,Closed
298039,191712487,Trespasser,2019-06-20T00:00:00.000,2019-06-20T00:00:00.000,2019-06-20T00:00:00.000,15:13,2019-06-20T15:13:00.000,ADV,500 Block Of Columbus Av,San Francisco,CA,Premise Address,Closed
451380,191043532,Traf Violation Tow,2019-04-14T00:00:00.000,2019-04-14T00:00:00.000,2019-04-14T00:00:00.000,21:43,2019-04-14T21:43:00.000,CIT,3700 Block Of Folsom St,San Francisco,CA,Premise Address,Pending
1583450,173212798,Passing Call,2017-11-17T00:00:00.000,2017-11-17T00:00:00.000,2017-11-17T00:00:00.000,17:26,2017-11-17T17:26:00.000,HAN,Fillmore St/sacramento St,San Francisco,CA,Intersection,Closed
2744100,161843192,Traffic Stop,2016-07-02T00:00:00.000,2016-07-02T00:00:00.000,2016-07-02T00:00:00.000,20:53,2016-07-02T20:53:00.000,CIT,Chestnut St/larkin St,San Francisco,CA,Intersection,Pending
249650,191921550,Homeless Complaint,2019-07-11T00:00:00.000,2019-07-11T00:00:00.000,2019-07-11T00:00:00.000,10:57,2019-07-11T10:57:00.000,HAN,Olive St/polk St,San Francisco,CA,Intersection,Withdrawn
2010626,171391076,Ip,2017-05-19T00:00:00.000,2017-05-19T00:00:00.000,2017-05-19T00:00:00.000,09:27,2017-05-19T09:27:00.000,REP,3800 Block Of 18th St,San Francisco,CA,Premise Address,Closed
843988,182912745,.46,2018-10-18T00:00:00.000,2018-10-18T00:00:00.000,2018-10-18T00:00:00.000,17:02,2018-10-18T17:02:00.000,CIT,800 Block Of Sutter St,San Francisco,CA,Premise Address,Closed
1800625,172290607,Muni Inspection,2017-08-17T00:00:00.000,2017-08-17T00:00:00.000,2017-08-17T00:00:00.000,07:10,2017-08-17T07:10:00.000,HAN,Larkin St/grove St,San Francisco,CA,Intersection,Pending
2505652,162872905,Trespasser,2016-10-13T00:00:00.000,2016-10-13T00:00:00.000,2016-10-13T00:00:00.000,17:17,2016-10-13T17:17:00.000,GOA,2200 Block Of Van Ness Av,San Francisco,CA,Premise Address,Closed
2438014,163163137,Homeless Complaint,2016-11-11T00:00:00.000,2016-11-11T00:00:00.000,2016-11-11T00:00:00.000,17:51,2016-11-11T17:51:00.000,GOA,Fulton St/la Playa,San Francisco,CA,Intersection,Closed
1029141,182100275,Jo,2018-07-29T00:00:00.000,2018-07-29T00:00:00.000,2018-07-29T00:00:00.000,02:03,2018-07-29T02:03:00.000,REP,100 Block Of Mason St,San Francisco,CA,Premise Address,Closed
932747,182533392,909,2018-09-10T00:00:00.000,2018-09-10T00:00:00.000,2018-09-10T00:00:00.000,19:09,2018-09-10T19:09:00.000,GOA,100 Block Of Utah St,San Francisco,CA,Premise Address,Pending
916413,182603686,Well Being Check,2018-09-17T00:00:00.000,2018-09-17T00:00:00.000,2018-09-17T00:00:00.000,19:28,2018-09-17T19:28:00.000,UTL,4200 Block Of Mission St,San Francisco,CA,Premise Address,Closed
2416945,163260068,Traffic Stop,2016-11-21T00:00:00.000,2016-11-21T00:00:00.000,2016-11-21T00:00:00.000,00:30,2016-11-21T00:30:00.000,ADV,800 Blk Market St,San Francisco,CA,Geo-Override,Closed
2700315,162051144,Suspicious Person,2016-07-23T00:00:00.000,2016-07-23T00:00:00.000,2016-07-23T00:00:00.000,10:10,2016-07-23T10:10:00.000,ADV,Montgomery St/sutter St,San Francisco,CA,Intersection,Pending
2540605,162733302,Mentally Disturbed,2016-09-29T00:00:00.000,2016-09-29T00:00:00.000,2016-09-29T00:00:00.000,17:49,2016-09-29T17:49:00.000,HAN,1500 Block Of Sunnydale Av,San Francisco,CA,Premise Address,Pending
82492,192613551,Homeless Complaint,2019-09-18T00:00:00.000,2019-09-18T00:00:00.000,2019-09-18T00:00:00.000,18:18,2019-09-18T18:18:00.000,HAN,1000 Block Of Howard St,San Francisco,CA,Premise Address,Pending
1989697,171472932,Muni Inspection,2017-05-27T00:00:00.000,2017-05-27T00:00:00.000,2017-05-27T00:00:00.000,17:36,2017-05-27T17:36:00.000,HAN,Mission St/beale St,San Francisco,CA,Intersection,Pending
937672,182512328,Camper,2018-09-08T00:00:00.000,2018-09-08T00:00:00.000,2018-09-08T00:00:00.000,15:40,2018-09-08T15:40:00.000,NOM,Oak St/central Av,San Francisco,CA,Intersection,Closed
2460113,163070795,Fight No Weapon Dv,2016-11-02T00:00:00.000,2016-11-02T00:00:00.000,2016-11-02T00:00:00.000,08:15,2016-11-02T08:15:00.000,HAN,1200 Block Of Buchanan St,San Francisco,CA,Premise Address,Pending
2034241,171292315,Child,2017-05-09T00:00:00.000,2017-05-09T00:00:00.000,2017-05-09T00:00:00.000,14:38,2017-05-09T14:38:00.000,GOA,100 Block Of 2nd St,San Francisco,CA,Premise Address,Closed
1136687,181580047,Traf Violation Cite,2018-06-07T00:00:00.000,2018-06-07T00:00:00.000,2018-06-07T00:00:00.000,00:35,2018-06-07T00:35:00.000,GOA,700 Block Of Excelsior Av,San Francisco,CA,Premise Address,Pending
2001251,171430945,Suicide Attempt,2017-05-23T00:00:00.000,2017-05-23T00:00:00.000,2017-05-23T00:00:00.000,09:08,2017-05-23T09:08:00.000,REP,5th St/mission St,San Francisco,CA,Intersection,Pending
1794496,172312369,Muni Inspection,2017-08-19T00:00:00.000,2017-08-19T00:00:00.000,2017-08-19T00:00:00.000,15:14,2017-08-19T15:14:00.000,Not recorded,5th St/market St,San Francisco,CA,Intersection,Pending
2241832,170410645,Fight No Weapon,2017-02-10T00:00:00.000,2017-02-10T00:00:00.000,2017-02-10T00:00:00.000,07:06,2017-02-10T07:06:00.000,Not recorded,1300 Block Of Quesada Av,San Francisco,CA,Premise Address,Pending
257964,191890483,Audible Alarm,2019-07-08T00:00:00.000,2019-07-08T00:00:00.000,2019-07-08T00:00:00.000,06:19,2019-07-08T06:19:00.000,PAS,100 Block Of Townsend St,San Francisco,CA,Premise Address,Closed
2921868,161081767,Trespasser,2016-04-17T00:00:00.000,2016-04-17T00:00:00.000,2016-04-17T00:00:00.000,13:24,2016-04-17T13:24:00.000,ADV,600 Block Of Capp St,San Francisco,CA,Premise Address,Pending
1865392,172013861,Suicide Attempt,2017-07-20T00:00:00.000,2017-07-20T00:00:00.000,2017-07-20T00:00:00.000,20:45,2017-07-20T20:45:00.000,UTL,900 Block Of Brannan St,San Francisco,CA,Premise Address,Pending
1985125,171492506,Muni Inspection,2017-05-29T00:00:00.000,2017-05-29T00:00:00.000,2017-05-29T00:00:00.000,16:56,2017-05-29T16:56:00.000,HAN,1500 Block Of Market St,San Francisco,CA,Common Location,Pending
2692506,162083945,Caser,2016-07-26T00:00:00.000,2016-07-26T00:00:00.000,2016-07-26T00:00:00.000,23:35,2016-07-26T23:35:00.000,UTL,Arkansas St/madera St,San Francisco,CA,Intersection,Pending
1381330,180473668,Fireworks,2018-02-16T00:00:00.000,2018-02-16T00:00:00.000,2018-02-16T00:00:00.000,20:47,2018-02-16T20:47:00.000,UTL,1200 Block Of Egbert Av,San Francisco,CA,Premise Address,Pending
981234,182320435,Traf Violation Cite,2018-08-20T00:00:00.000,2018-08-20T00:00:00.000,2018-08-20T00:00:00.000,05:52,2018-08-20T05:52:00.000,NOM,300 Block Of Paris St,San Francisco,CA,Premise Address,Pending
2900917,161170370,Suspicious Person,2016-04-26T00:00:00.000,2016-04-26T00:00:00.000,2016-04-26T00:00:00.000,04:23,2016-04-26T04:23:00.000,GOA,2000 Block Of Sutter St,San Francisco,CA,Premise Address,Closed
1212047,181241070,Suspicious Person,2018-05-04T00:00:00.000,2018-05-04T00:00:00.000,2018-05-04T00:00:00.000,09:23,2018-05-04T09:23:00.000,HAN,100 Block Of Mcallister St,San Francisco,CA,Premise Address,Pending
85992,192601475,Ip,2019-09-17T00:00:00.000,2019-09-17T00:00:00.000,2019-09-17T00:00:00.000,10:48,2019-09-17T10:48:00.000,ADV,800 Block Of Market St,San Francisco,CA,Premise Address,Closed
606075,190352853,Muni Inspection,2019-02-04T00:00:00.000,2019-02-04T00:00:00.000,2019-02-04T00:00:00.000,16:53,2019-02-04T16:53:00.000,HAN,600 Block Of Market St,San Francisco,CA,Common Location,Pending
1452672,180160602,22500f/7.2.25,2018-01-16T00:00:00.000,2018-01-16T00:00:00.000,2018-01-16T00:00:00.000,06:57,2018-01-16T06:57:00.000,CIT,300 Block Of Alpha St,San Francisco,CA,Premise Address,Pending
1149607,181513941,Aided Case,2018-05-31T00:00:00.000,2018-05-31T00:00:00.000,2018-05-31T00:00:00.000,22:44,2018-05-31T22:44:00.000,HAN,500 Block Of 6th Av,San Francisco,CA,Common Location,Closed
899994,182673040,Passing Call,2018-09-24T00:00:00.000,2018-09-24T00:00:00.000,2018-09-24T00:00:00.000,17:51,2018-09-24T17:51:00.000,Not recorded,Geary Bl/fillmore St,San Francisco,CA,Intersection,Closed
1695479,172722957,Muni Inspection,2017-09-29T00:00:00.000,2017-09-29T00:00:00.000,2017-09-29T00:00:00.000,16:52,2017-09-29T16:52:00.000,Not recorded,3rd St/mission Rock St,San Francisco,CA,Intersection,Pending
1867020,172010767,Auto Boost / Strip,2017-07-20T00:00:00.000,2017-07-20T00:00:00.000,2017-07-20T00:00:00.000,08:17,2017-07-20T08:17:00.000,REP,100 Block Of Cambridge St,San Francisco,CA,Premise Address,Withdrawn
2367747,163482694,Suspicious Vehicle,2016-12-13T00:00:00.000,2016-12-13T00:00:00.000,2016-12-13T00:00:00.000,16:42,2016-12-13T16:42:00.000,CIT,800 Block Of Mission St,San Francisco,CA,Premise Address,Closed
1119804,181662107,Fight No Weapon,2018-06-15T00:00:00.000,2018-06-15T00:00:00.000,2018-06-15T00:00:00.000,14:44,2018-06-15T14:44:00.000,GOA,400 Blk Arlington St,San Francisco,CA,Geo-Override,Closed
358593,191450191,Mentally Disturbed,2019-05-25T00:00:00.000,2019-05-25T00:00:00.000,2019-05-25T00:00:00.000,01:51,2019-05-25T01:51:00.000,UTL,2200 Block Of Powell St,San Francisco,CA,Common Location,Pending
876408,182773943,Mentally Disturbed,2018-10-04T00:00:00.000,2018-10-04T00:00:00.000,2018-10-04T00:00:00.000,19:59,2018-10-04T19:59:00.000,GOA,1500 Block Of Sacramento St,San Francisco,CA,Premise Address,Pending
1198202,181294131,Passing Call,2018-05-09T00:00:00.000,2018-05-09T00:00:00.000,2018-05-09T00:00:00.000,21:56,2018-05-09T21:56:00.000,HAN,600 Blk Linden St,San Francisco,CA,Geo-Override,Closed
924522,182570538,Wanted Vehicle / Sub,2018-09-14T00:00:00.000,2018-09-14T00:00:00.000,2018-09-14T00:00:00.000,07:10,2018-09-14T07:10:00.000,HAN,1200 Block Of Brunswick St,Daly City,CA,Premise Address,Closed
1271550,180981640,Suspicious Vehicle,2018-04-08T00:00:00.000,2018-04-08T00:00:00.000,2018-04-08T00:00:00.000,13:02,2018-04-08T13:02:00.000,HAN,1100 Block Of Market St,San Francisco,CA,Premise Address,Pending
2822713,161503527,Suspicious Person,2016-05-29T00:00:00.000,2016-05-29T00:00:00.000,2016-05-29T00:00:00.000,20:55,2016-05-29T20:55:00.000,CIT,Howard St/russ St,San Francisco,CA,Intersection,Closed
1036420,182062887,Traffic Stop,2018-07-25T00:00:00.000,2018-07-25T00:00:00.000,2018-07-25T00:00:00.000,16:25,2018-07-25T16:25:00.000,CIT,36th Av/taraval St,San Francisco,CA,Intersection,Pending
2448801,163120023,852 Susp,2016-11-07T00:00:00.000,2016-11-07T00:00:00.000,2016-11-07T00:00:00.000,00:06,2016-11-07T00:06:00.000,GOA,300 Block Of Mason St,San Francisco,CA,Premise Address,Closed
1959389,171601734,Assault / Battery,2017-06-09T00:00:00.000,2017-06-09T00:00:00.000,2017-06-09T00:00:00.000,12:56,2017-06-09T12:56:00.000,NOM,1000 Block Of Howard St,San Francisco,CA,Premise Address,Pending
262924,191863275,Complaint Unkn,2019-07-05T00:00:00.000,2019-07-05T00:00:00.000,2019-07-05T00:00:00.000,18:58,2019-07-05T18:58:00.000,NCR,0 Block Of Fremont St,San Francisco,CA,Premise Address,Pending
21235,192863929,601,2019-10-13T00:00:00.000,2019-10-13T00:00:00.000,2019-10-13T00:00:00.000,22:38,2019-10-13T22:38:00.000,GOA,800 Block Of Commercial St,San Francisco,CA,Premise Address,Pending
1689594,172750944,Trespasser,2017-10-02T00:00:00.000,2017-10-02T00:00:00.000,2017-10-02T00:00:00.000,08:42,2017-10-02T08:42:00.000,ADV,100 Block Of Shipley St,San Francisco,CA,Premise Address,Pending
628094,190254470,Noise Nuisance,2019-01-25T00:00:00.000,2019-01-25T00:00:00.000,2019-01-25T00:00:00.000,23:54,2019-01-25T23:54:00.000,UTL,100 Block Of Eddy St,San Francisco,CA,Premise Address,Pending
2180363,170671723,X,2017-03-08T00:00:00.000,2017-03-08T00:00:00.000,2017-03-08T00:00:00.000,11:46,2017-03-08T11:46:00.000,GOA,300 Block Of Jefferson St,San Francisco,CA,Premise Address,Withdrawn
2546277,162711743,911,2016-09-27T00:00:00.000,2016-09-27T00:00:00.000,2016-09-27T00:00:00.000,12:07,2016-09-27T12:07:00.000,ADV,400 Block Of Tehama St,San Francisco,CA,Premise Address,Closed
1348956,180622562,22500e,2018-03-03T00:00:00.000,2018-03-03T00:00:00.000,2018-03-03T00:00:00.000,16:50,2018-03-03T16:50:00.000,CIT,200 Block Of Ramsell St,San Francisco,CA,Premise Address,Closed
1921129,171772370,518,2017-06-26T00:00:00.000,2017-06-26T00:00:00.000,2017-06-26T00:00:00.000,14:28,2017-06-26T14:28:00.000,CAN,Donner Av/phelps St,San Francisco,CA,Intersection,Withdrawn
921896,182581150,Traffic Stop,2018-09-15T00:00:00.000,2018-09-15T00:00:00.000,2018-09-15T00:00:00.000,10:14,2018-09-15T10:14:00.000,ADV,200 Blk Alhambra St,San Francisco,CA,Geo-Override,Pending
676713,190032837,Indecent Exposure,2019-01-03T00:00:00.000,2019-01-03T00:00:00.000,2019-01-03T00:00:00.000,17:23,2019-01-03T17:23:00.000,NOM,3200 Block Of Laguna St,San Francisco,CA,Premise Address,Withdrawn
1241944,181111771,Threats / Harassment,2018-04-21T00:00:00.000,2018-04-21T00:00:00.000,2018-04-21T00:00:00.000,13:06,2018-04-21T13:06:00.000,GOA,1100 Block Of Connecticut St,San Francisco,CA,Premise Address,Pending
1249906,181080745,Passing Call,2018-04-18T00:00:00.000,2018-04-18T00:00:00.000,2018-04-18T00:00:00.000,08:08,2018-04-18T08:08:00.000,Not recorded,Mission St/4th St,San Francisco,CA,Intersection,Closed
2523000,162803420,Threats / Harassment,2016-10-06T00:00:00.000,2016-10-06T00:00:00.000,2016-10-06T00:00:00.000,19:21,2016-10-06T19:21:00.000,REP,200 Block Of Brannan St,San Francisco,CA,Premise Address,Closed
440815,191091499,Suspicious Person,2019-04-19T00:00:00.000,2019-04-19T00:00:00.000,2019-04-19T00:00:00.000,11:14,2019-04-19T11:14:00.000,GOA,300 Block Of Fern St,San Francisco,CA,Premise Address,Pending
2119095,170930855,Audible Alarm,2017-04-03T00:00:00.000,2017-04-03T00:00:00.000,2017-04-03T00:00:00.000,08:27,2017-04-03T08:27:00.000,NCR,1700 Block Of Yosemite Av,San Francisco,CA,Premise Address,Pending
2954130,160942236,Veh Accident,2016-04-03T00:00:00.000,2016-04-03T00:00:00.000,2016-04-03T00:00:00.000,15:05,2016-04-03T15:05:00.000,REP,Market St/4th St,San Francisco,CA,Intersection,Pending
1434598,180241413,Rep,2018-01-24T00:00:00.000,2018-01-24T00:00:00.000,2018-01-24T00:00:00.000,10:47,2018-01-24T10:47:00.000,REP,100 Block Of 4th St,San Francisco,CA,Premise Address,Pending
2907027,161141865,Trespasser,2016-04-23T00:00:00.000,2016-04-23T00:00:00.000,2016-04-23T00:00:00.000,13:31,2016-04-23T13:31:00.000,GOA,700 Block Of Ellis St,San Francisco,CA,Premise Address,Closed
678575,190023456,Threats / Harassment,2019-01-02T00:00:00.000,2019-01-02T00:00:00.000,2019-01-02T00:00:00.000,19:55,2019-01-02T19:55:00.000,HAN,1400 Block Of Polk St,San Francisco,CA,Premise Address,Withdrawn
2168878,170721520,"7,2,45",2017-03-13T00:00:00.000,2017-03-13T00:00:00.000,2017-03-13T00:00:00.000,11:25,2017-03-13T11:25:00.000,GOA,1700 Block Of Church St,San Francisco,CA,Premise Address,Pending
1120317,181660978,Passing Call,2018-06-15T00:00:00.000,2018-06-15T00:00:00.000,2018-06-15T00:00:00.000,09:17,2018-06-15T09:17:00.000,HAN,Golden Gate Conservatory,,CA,Geo-Override,Pending
620152,190291778,Traf Violation Tow,2019-01-29T00:00:00.000,2019-01-29T00:00:00.000,2019-01-29T00:00:00.000,12:32,2019-01-29T12:32:00.000,GOA,600 Block Of 5th Av,San Francisco,CA,Premise Address,Closed
394037,191290966,Trespasser,2019-05-09T00:00:00.000,2019-05-09T00:00:00.000,2019-05-09T00:00:00.000,08:49,2019-05-09T08:49:00.000,GOA,400 Block Of Golden Gate Av,San Francisco,CA,Premise Address,Pending
2552606,162682997,911 Drop,2016-09-24T00:00:00.000,2016-09-24T00:00:00.000,2016-09-24T00:00:00.000,18:13,2016-09-24T18:13:00.000,HAN,1200 Block Of Hampshire St,San Francisco,CA,Premise Address,Closed
1021446,182133062,Traffic Stop,2018-08-01T00:00:00.000,2018-08-01T00:00:00.000,2018-08-01T00:00:00.000,18:17,2018-08-01T18:17:00.000,CIT,Harrison St/1st St,San Francisco,CA,Intersection,Pending
2909545,161131733,Traffic Stop,2016-04-22T00:00:00.000,2016-04-22T00:00:00.000,2016-04-22T00:00:00.000,12:38,2016-04-22T12:38:00.000,CIT,Newcomb Av/3rd St,San Francisco,CA,Intersection,Pending
1641471,172963126,Muni Inspection,2017-10-23T00:00:00.000,2017-10-23T00:00:00.000,2017-10-23T00:00:00.000,17:27,2017-10-23T17:27:00.000,HAN,Fillmore St/sacramento St,San Francisco,CA,Intersection,Closed
2439779,163160005,Traffic Stop,2016-11-11T00:00:00.000,2016-11-11T00:00:00.000,2016-11-11T00:00:00.000,00:02,2016-11-11T00:02:00.000,ARR,Mission St/italy Av,San Francisco,CA,Intersection,Closed
459268,191011852,Prisoner Transport,2019-04-11T00:00:00.000,2019-04-11T00:00:00.000,2019-04-11T00:00:00.000,12:16,2019-04-11T12:16:00.000,HAN,500 Block Of Parnassus Av,San Francisco,CA,Premise Address,Pending
338388,191533558,Noise Nuisance,2019-06-02T00:00:00.000,2019-06-02T00:00:00.000,2019-06-02T00:00:00.000,22:05,2019-06-02T22:05:00.000,CAN,200 Block Of 7th St,San Francisco,CA,Premise Address,Pending
141482,192372248,22500e,2019-08-25T00:00:00.000,2019-08-25T00:00:00.000,2019-08-25T00:00:00.000,14:29,2019-08-25T14:29:00.000,CAN,1700 Block Of Leavenworth St,San Francisco,CA,Premise Address,Pending
154608,192321302,Attempt,2019-08-20T00:00:00.000,2019-08-20T00:00:00.000,2019-08-20T00:00:00.000,10:08,2019-08-20T10:08:00.000,REP,Ofarrell St/anzavista Av,San Francisco,CA,Intersection,Pending
1651254,172920050,Noise Nuisance,2017-10-19T00:00:00.000,2017-10-19T00:00:00.000,2017-10-19T00:00:00.000,00:26,2017-10-19T00:26:00.000,GOA,1400 Block Of Irving St,San Francisco,CA,Premise Address,Closed
1503468,173571206,22500f,2017-12-23T00:00:00.000,2017-12-23T00:00:00.000,2017-12-23T00:00:00.000,10:17,2017-12-23T10:17:00.000,GOA,2500 Block Of Moraga St,San Francisco,CA,Premise Address,Pending
1081021,181852525,Muni Inspection,2018-07-04T00:00:00.000,2018-07-04T00:00:00.000,2018-07-04T00:00:00.000,18:01,2018-07-04T18:01:00.000,ND,1800 Block Of Geary Bl,San Francisco,CA,Premise Address,Closed
280407,191792095,Person Dumping,2019-06-28T00:00:00.000,2019-06-28T00:00:00.000,2019-06-28T00:00:00.000,14:04,2019-06-28T14:04:00.000,Not recorded,600 Block Of 14th St,San Francisco,CA,Premise Address,Closed
60721,192702376,Burglary,2019-09-27T00:00:00.000,2019-09-27T00:00:00.000,2019-09-27T00:00:00.000,14:00,2019-09-27T14:00:00.000,REP,0 Block Of 6th St,San Francisco,CA,Premise Address,Closed
2085015,171074107,Passing Call,2017-04-17T00:00:00.000,2017-04-17T00:00:00.000,2017-04-17T00:00:00.000,22:41,2017-04-17T22:41:00.000,Not recorded,1000 Block Of Market St,San Francisco,CA,Common Location,Closed
1224178,181190306,Passing Call,2018-04-29T00:00:00.000,2018-04-29T00:00:00.000,2018-04-29T00:00:00.000,02:25,2018-04-29T02:25:00.000,Not recorded,600 Block Of Broadway,San Francisco,CA,Common Location,Closed
2060504,171180954,Mentally Disturbed,2017-04-28T00:00:00.000,2017-04-28T00:00:00.000,2017-04-28T00:00:00.000,09:18,2017-04-28T09:18:00.000,HAN,18th St/castro St,San Francisco,CA,Intersection,Withdrawn
2877467,161263945,Found Property,2016-05-05T00:00:00.000,2016-05-05T00:00:00.000,2016-05-05T00:00:00.000,21:35,2016-05-05T21:35:00.000,HAN,0 Block Of Ignacio Av,San Francisco,CA,Premise Address,Withdrawn
1065346,181930644,Traffic Stop,2018-07-12T00:00:00.000,2018-07-12T00:00:00.000,2018-07-12T00:00:00.000,07:43,2018-07-12T07:43:00.000,CIT,Oak St/lyon St,San Francisco,CA,Intersection,Pending
2874260,161281086,Dw,2016-05-07T00:00:00.000,2016-05-07T00:00:00.000,2016-05-07T00:00:00.000,09:55,2016-05-07T09:55:00.000,CAN,0 Block Of Teddy Av,San Francisco,CA,Premise Address,Pending
2223268,170490656,Homeless Complaint,2017-02-18T00:00:00.000,2017-02-18T00:00:00.000,2017-02-18T00:00:00.000,06:52,2017-02-18T06:52:00.000,HAN,Great Hy/irving St,San Francisco,CA,Intersection,Pending
2297783,170153198,Jo,2017-01-15T00:00:00.000,2017-01-15T00:00:00.000,2017-01-15T00:00:00.000,20:59,2017-01-15T20:59:00.000,REP,Harrison St/dore St,San Francisco,CA,Intersection,Closed
2418189,163251805,Traffic Stop,2016-11-20T00:00:00.000,2016-11-20T00:00:00.000,2016-11-20T00:00:00.000,13:09,2016-11-20T13:09:00.000,CIT,20th St/church St,San Francisco,CA,Intersection,Closed
1497953,173602080,Sw,2017-12-26T00:00:00.000,2017-12-26T00:00:00.000,2017-12-26T00:00:00.000,15:20,2017-12-26T15:20:00.000,GOA,800 Block Of Dolores St,San Francisco,CA,Premise Address,Pending
1418550,180311540,Suspicious Vehicle,2018-01-31T00:00:00.000,2018-01-31T00:00:00.000,2018-01-31T00:00:00.000,11:33,2018-01-31T11:33:00.000,ND,17th St/mission St,San Francisco,CA,Intersection,Closed
2544744,162720124,Audible Alarm,2016-09-28T00:00:00.000,2016-09-28T00:00:00.000,2016-09-28T00:00:00.000,01:12,2016-09-28T01:12:00.000,PAS,1600 Block Of Willard St,San Francisco,CA,Premise Address,Withdrawn
906688,182643332,Passing Call,2018-09-21T00:00:00.000,2018-09-21T00:00:00.000,2018-09-21T00:00:00.000,18:27,2018-09-21T18:27:00.000,Not recorded,1100 Block Of Market St,San Francisco,CA,Common Location,Pending
46998,192760895,Traf Violation Cite,2019-10-03T00:00:00.000,2019-10-03T00:00:00.000,2019-10-03T00:00:00.000,08:31,2019-10-03T08:31:00.000,CIT,100 Block Of Britton St,San Francisco,CA,Premise Address,Pending
2636909,162333128,Muni Inspection,2016-08-20T00:00:00.000,2016-08-20T00:00:00.000,2016-08-20T00:00:00.000,18:49,2016-08-20T18:49:00.000,Not recorded,1100 Block Of Market St,San Francisco,CA,Common Location,Closed
1411699,180341086,Person Down,2018-02-03T00:00:00.000,2018-02-03T00:00:00.000,2018-02-03T00:00:00.000,09:34,2018-02-03T09:34:00.000,ADV,16th St/church St,San Francisco,CA,Intersection,Pending
1432691,180250805,H&r Veh Accident,2018-01-25T00:00:00.000,2018-01-25T00:00:00.000,2018-01-25T00:00:00.000,08:11,2018-01-25T08:11:00.000,ND,Divisadero St/sutter St,San Francisco,CA,Intersection,Closed
2642041,162312732,Poss,2016-08-18T00:00:00.000,2016-08-18T00:00:00.000,2016-08-18T00:00:00.000,16:52,2016-08-18T16:52:00.000,NOM,Mcallister St/polk St,San Francisco,CA,Intersection,Pending
2430515,163193888,Passports,2016-11-14T00:00:00.000,2016-11-14T00:00:00.000,2016-11-14T00:00:00.000,22:22,2016-11-14T22:22:00.000,CAN,800 Block Of Clay St,San Francisco,CA,Premise Address,Closed
1039303,182051384,Open Line,2018-07-24T00:00:00.000,2018-07-24T00:00:00.000,2018-07-24T00:00:00.000,11:17,2018-07-24T11:17:00.000,CAN,200 Block Of Howard St,San Francisco,CA,Premise Address,Pending
1701186,172701443,Traffic Stop,2017-09-27T00:00:00.000,2017-09-27T00:00:00.000,2017-09-27T00:00:00.000,10:42,2017-09-27T10:42:00.000,CIT,19th Av/winston Dr,San Francisco,CA,Intersection,Pending
1450445,180170324,Audible Alarm,2018-01-17T00:00:00.000,2018-01-17T00:00:00.000,2018-01-17T00:00:00.000,03:44,2018-01-17T03:44:00.000,PAS,300 Block Of Stockton St,San Francisco,CA,Premise Address,Pending
2365248,163493319,Traffic Stop,2016-12-14T00:00:00.000,2016-12-14T00:00:00.000,2016-12-14T00:00:00.000,17:56,2016-12-14T17:56:00.000,CIT,Lincoln Wy/arguello Bl,San Francisco,CA,Intersection,Pending
775320,183211008,Homeless Complaint,2018-11-17T00:00:00.000,2018-11-17T00:00:00.000,2018-11-17T00:00:00.000,09:50,2018-11-17T09:50:00.000,UTL,1200 Block Of Howard St,San Francisco,CA,Premise Address,Closed
1732300,172573050,Suspicious Vehicle,2017-09-14T00:00:00.000,2017-09-14T00:00:00.000,2017-09-14T00:00:00.000,16:34,2017-09-14T16:34:00.000,ADV,26th St/florida St,San Francisco,CA,Intersection,Withdrawn
990487,182273904,Construction Site,2018-08-15T00:00:00.000,2018-08-15T00:00:00.000,2018-08-15T00:00:00.000,21:24,2018-08-15T21:24:00.000,GOA,Fern St/larkin St,San Francisco,CA,Intersection,Withdrawn
1292436,180883172,22500e,2018-03-29T00:00:00.000,2018-03-29T00:00:00.000,2018-03-29T00:00:00.000,18:13,2018-03-29T18:13:00.000,CIT,300 Block Of Madison St,San Francisco,CA,Premise Address,Closed
1225050,181182973,22500e,2018-04-28T00:00:00.000,2018-04-28T00:00:00.000,2018-04-28T00:00:00.000,17:42,2018-04-28T17:42:00.000,CIT,900 Block Of Moultrie St,San Francisco,CA,Premise Address,Pending
1396977,180403656,Assault / Battery,2018-02-09T00:00:00.000,2018-02-09T00:00:00.000,2018-02-09T00:00:00.000,20:06,2018-02-09T20:06:00.000,REP,0 Block Of Garlington Ct,San Francisco,CA,Premise Address,Closed
2707713,162013787,Audible Alarm,2016-07-19T00:00:00.000,2016-07-19T00:00:00.000,2016-07-19T00:00:00.000,22:32,2016-07-19T22:32:00.000,PAS,1000 Block Of Clay St,San Francisco,CA,Common Location,Closed
796684,183112970,Passing Call,2018-11-07T00:00:00.000,2018-11-07T00:00:00.000,2018-11-07T00:00:00.000,15:54,2018-11-07T15:54:00.000,HAN,0 Block Of United Nations Pz,San Francisco,CA,Common Location,Closed
1787694,172341634,Traffic Stop,2017-08-22T00:00:00.000,2017-08-22T00:00:00.000,2017-08-22T00:00:00.000,10:52,2017-08-22T10:52:00.000,CIT,10th St/bryant St,San Francisco,CA,Intersection,Closed
1241709,181112187,Passing Call,2018-04-21T00:00:00.000,2018-04-21T00:00:00.000,2018-04-21T00:00:00.000,14:56,2018-04-21T14:56:00.000,Not recorded,Oakdale Av/baldwin Ct,San Francisco,CA,Intersection,Withdrawn
883062,182750351,Passing Call,2018-10-02T00:00:00.000,2018-10-02T00:00:00.000,2018-10-02T00:00:00.000,04:30,2018-10-02T04:30:00.000,HAN,Clement Street Corridor,,CA,Geo-Override,Closed
697579,183573235,Auto Boost / Strip,2018-12-23T00:00:00.000,2018-12-23T00:00:00.000,2018-12-23T00:00:00.000,22:27,2018-12-23T22:27:00.000,REP,4th St/folsom St,San Francisco,CA,Intersection,Closed
2063917,171163333,Muni Inspection,2017-04-26T00:00:00.000,2017-04-26T00:00:00.000,2017-04-26T00:00:00.000,19:05,2017-04-26T19:05:00.000,Not recorded,11th St/mission St,San Francisco,CA,Intersection,Withdrawn
616350,190310048,Noise Nuisance,2019-01-31T00:00:00.000,2019-01-31T00:00:00.000,2019-01-31T00:00:00.000,00:22,2019-01-31T00:22:00.000,UTL,800 Block Of Valencia St,San Francisco,CA,Premise Address,Pending
2541740,162731102,Dw,2016-09-29T00:00:00.000,2016-09-29T00:00:00.000,2016-09-29T00:00:00.000,09:23,2016-09-29T09:23:00.000,CIT,2600 Block Of Post St,San Francisco,CA,Premise Address,Closed
2347666,163572833,Traffic Stop,2016-12-22T00:00:00.000,2016-12-22T00:00:00.000,2016-12-22T00:00:00.000,16:27,2016-12-22T16:27:00.000,CIT,2nd St/stevenson St,San Francisco,CA,Intersection,Closed
351714,191480843,Homeless Complaint,2019-05-28T00:00:00.000,2019-05-28T00:00:00.000,2019-05-28T00:00:00.000,08:22,2019-05-28T08:22:00.000,ADV,0 Block Of Vandewater St,San Francisco,CA,Premise Address,Closed
581541,190470886,Auto Boost / Strip,2019-02-16T00:00:00.000,2019-02-16T00:00:00.000,2019-02-16T00:00:00.000,08:58,2019-02-16T08:58:00.000,REP,Palou Av/selby St,San Francisco,CA,Intersection,Pending
1774191,172393546,Petty Theft,2017-08-27T00:00:00.000,2017-08-27T00:00:00.000,2017-08-27T00:00:00.000,21:27,2017-08-27T21:27:00.000,REP,800 Block Of Mission St,San Francisco,CA,Premise Address,Closed
2923525,161072818,Suspicious Person,2016-04-16T00:00:00.000,2016-04-16T00:00:00.000,2016-04-16T00:00:00.000,18:11,2016-04-16T18:11:00.000,ADV,14th St/noe St,San Francisco,CA,Intersection,Pending
1385286,180460848,Audible Alarm,2018-02-15T00:00:00.000,2018-02-15T00:00:00.000,2018-02-15T00:00:00.000,08:26,2018-02-15T08:26:00.000,PAS,1500 Block Of Fillmore St,San Francisco,CA,Premise Address,Pending
774589,183212341,Passing Call,2018-11-17T00:00:00.000,2018-11-17T00:00:00.000,2018-11-17T00:00:00.000,16:10,2018-11-17T16:10:00.000,HAN,Treasure Island Rd/macalla Rd,Yerba Buena,CA,Intersection,Withdrawn
138366,192383911,Passing Call,2019-08-26T00:00:00.000,2019-08-26T00:00:00.000,2019-08-26T00:00:00.000,20:31,2019-08-26T20:31:00.000,HAN,1200 Blk Bayside Dr,Treasure Isla,CA,Geo-Override,Closed
1677997,172800208,Radio,2017-10-07T00:00:00.000,2017-10-07T00:00:00.000,2017-10-07T00:00:00.000,01:17,2017-10-07T01:17:00.000,CAN,100 Block Of Precita Av,San Francisco,CA,Premise Address,Closed
1911227,171820191,Loud Party,2017-07-01T00:00:00.000,2017-07-01T00:00:00.000,2017-07-01T00:00:00.000,01:18,2017-07-01T01:18:00.000,HAN,18th St/san Bruno Av,San Francisco,CA,Intersection,Pending
2686493,162113338,7.2.27,2016-07-29T00:00:00.000,2016-07-29T00:00:00.000,2016-07-29T00:00:00.000,20:37,2016-07-29T20:37:00.000,22,600 Block Of Jones St,San Francisco,CA,Premise Address,Pending
1060919,181951047,Traf Violation Cite,2018-07-14T00:00:00.000,2018-07-14T00:00:00.000,2018-07-14T00:00:00.000,09:43,2018-07-14T09:43:00.000,NOM,16th Av/vicente St,San Francisco,CA,Intersection,Closed
1642760,172960490,Homeless Complaint,2017-10-23T00:00:00.000,2017-10-23T00:00:00.000,2017-10-23T00:00:00.000,06:16,2017-10-23T06:16:00.000,ADV,Illinois St/20th St,San Francisco,CA,Intersection,Closed
2186077,170650192,799 Poss,2017-03-06T00:00:00.000,2017-03-06T00:00:00.000,2017-03-06T00:00:00.000,02:22,2017-03-06T02:22:00.000,ND,2500 Block Of Larkin St,San Francisco,CA,Premise Address,Closed
1555772,173342192,Homeless Complaint,2017-11-30T00:00:00.000,2017-11-30T00:00:00.000,2017-11-30T00:00:00.000,14:32,2017-11-30T14:32:00.000,GOA,0 Block Of Dolores St,San Francisco,CA,Premise Address,Closed
2883279,161241964,Trespasser,2016-05-03T00:00:00.000,2016-05-03T00:00:00.000,2016-05-03T00:00:00.000,13:18,2016-05-03T13:18:00.000,UTL,300 Block Of Broadway,San Francisco,CA,Premise Address,Pending
233694,191990025,Meet W/citizen,2019-07-18T00:00:00.000,2019-07-18T00:00:00.000,2019-07-18T00:00:00.000,00:03,2019-07-18T00:03:00.000,UTL,Bayshore Bl/jerrold Av,San Francisco,CA,Intersection,Pending
268665,191841521,Trespasser,2019-07-03T00:00:00.000,2019-07-03T00:00:00.000,2019-07-03T00:00:00.000,11:19,2019-07-03T11:19:00.000,HAN,2100 Block Of Van Ness Av,San Francisco,CA,Premise Address,Pending
2045196,171243671,Explosion,2017-05-04T00:00:00.000,2017-05-04T00:00:00.000,2017-05-04T00:00:00.000,20:37,2017-05-04T20:37:00.000,UTL,Market St/pearl St,San Francisco,CA,Intersection,Withdrawn
1326847,180723765,Verbal,2018-03-13T00:00:00.000,2018-03-13T00:00:00.000,2018-03-13T00:00:00.000,21:34,2018-03-13T21:34:00.000,CAN,2400 Block Of Mission St,San Francisco,CA,Premise Address,Pending
2401269,163332320,Passing Call,2016-11-28T00:00:00.000,2016-11-28T00:00:00.000,2016-11-28T00:00:00.000,14:55,2016-11-28T14:55:00.000,Not recorded,100 Block Of Kezar Dr,San Francisco,CA,Common Location,Pending
2899982,161171986,Passing Call,2016-04-26T00:00:00.000,2016-04-26T00:00:00.000,2016-04-26T00:00:00.000,13:31,2016-04-26T13:31:00.000,HAN,2500 Block Of Sutter St,San Francisco,CA,Common Location,Pending
756240,183303411,Passing Call,2018-11-26T00:00:00.000,2018-11-26T00:00:00.000,2018-11-26T00:00:00.000,19:43,2018-11-26T19:43:00.000,HAN,Block Of San Bruno Av,San Francisco,CA,Premise Address,Withdrawn
1842135,172113773,Petty Theft,2017-07-30T00:00:00.000,2017-07-30T00:00:00.000,2017-07-30T00:00:00.000,22:02,2017-07-30T22:02:00.000,GOA,Fillmore St/ofarrell St,San Francisco,CA,Intersection,Pending
1265781,181003999,Suspicious Person,2018-04-10T00:00:00.000,2018-04-10T00:00:00.000,2018-04-10T00:00:00.000,22:10,2018-04-10T22:10:00.000,ADV,500 Block Of Castro St,San Francisco,CA,Premise Address,Pending
686993,183632641,Passing Call,2018-12-29T00:00:00.000,2018-12-29T00:00:00.000,2018-12-29T00:00:00.000,18:16,2018-12-29T18:16:00.000,Not recorded,0 Block Of The Embarcadero Sou,San Francisco,CA,Common Location,Closed
2048548,171231966,Traffic Stop,2017-05-03T00:00:00.000,2017-05-03T00:00:00.000,2017-05-03T00:00:00.000,12:39,2017-05-03T12:39:00.000,CIT,Diamond Heights Bl/gold Mine Dr,San Francisco,CA,Intersection,Pending
861698,182833607,Traffic Stop,2018-10-10T00:00:00.000,2018-10-10T00:00:00.000,2018-10-10T00:00:00.000,18:56,2018-10-10T18:56:00.000,CIT,Jessie East St/mission St,San Francisco,CA,Intersection,Withdrawn
303812,191690465,Poss,2019-06-18T00:00:00.000,2019-06-18T00:00:00.000,2019-06-18T00:00:00.000,04:59,2019-06-18T04:59:00.000,GOA,Minna St/6th St,San Francisco,CA,Intersection,Closed
1984709,171493144,H&r Veh Accident,2017-05-29T00:00:00.000,2017-05-29T00:00:00.000,2017-05-29T00:00:00.000,19:33,2017-05-29T19:33:00.000,HAN,Commercial St/kearny St,San Francisco,CA,Intersection,Pending
1911506,171813864,Poss,2017-06-30T00:00:00.000,2017-06-30T00:00:00.000,2017-06-30T00:00:00.000,22:25,2017-06-30T22:25:00.000,HAN,2800 Block Of 16th St,San Francisco,CA,Premise Address,Closed
1892891,171893929,Susp,2017-07-08T00:00:00.000,2017-07-08T00:00:00.000,2017-07-08T00:00:00.000,21:44,2017-07-08T21:44:00.000,HAN,400 Block Of Ofarrell St,San Francisco,CA,Common Location,Closed
470315,190963297,Person W/gun,2019-04-06T00:00:00.000,2019-04-06T00:00:00.000,2019-04-06T00:00:00.000,19:12,2019-04-06T19:12:00.000,ND,1100 Block Of Potrero Av,San Francisco,CA,Premise Address,Pending
2763690,161763182,Suspicious Vehicle,2016-06-24T00:00:00.000,2016-06-24T00:00:00.000,2016-06-24T00:00:00.000,18:20,2016-06-24T18:20:00.000,ADV,Geneva Av/san Jose Av,San Francisco,CA,Intersection,Closed
513010,190782651,Well Being Check,2019-03-19T00:00:00.000,2019-03-19T00:00:00.000,2019-03-19T00:00:00.000,16:20,2019-03-19T16:20:00.000,UTL,16th St/potrero Av,San Francisco,CA,Intersection,Withdrawn
1678199,172794439,22500b,2017-10-06T00:00:00.000,2017-10-06T00:00:00.000,2017-10-06T00:00:00.000,23:09,2017-10-06T23:09:00.000,HAN,1100 Block Of Ingerson Av,San Francisco,CA,Premise Address,Pending
434597,191113624,Vandalism,2019-04-21T00:00:00.000,2019-04-21T00:00:00.000,2019-04-21T00:00:00.000,21:46,2019-04-21T21:46:00.000,REP,1000 Block Of Mission St,San Francisco,CA,Premise Address,Closed
1676598,172802721,22500e,2017-10-07T00:00:00.000,2017-10-07T00:00:00.000,2017-10-07T00:00:00.000,16:34,2017-10-07T16:34:00.000,CAN,100 Block Of Lafayette St,San Francisco,CA,Premise Address,Pending
2665106,162212346,Suspicious Person,2016-08-08T00:00:00.000,2016-08-08T00:00:00.000,2016-08-08T00:00:00.000,16:20,2016-08-08T16:20:00.000,HAN,2300 Block Of Santiago St,San Francisco,CA,Premise Address,Closed
2696245,162071013,911,2016-07-25T00:00:00.000,2016-07-25T00:00:00.000,2016-07-25T00:00:00.000,09:39,2016-07-25T09:39:00.000,ADV,1000 Block Of Quesada Av,San Francisco,CA,Premise Address,Pending
1412700,180333673,Susp,2018-02-02T00:00:00.000,2018-02-02T00:00:00.000,2018-02-02T00:00:00.000,20:14,2018-02-02T20:14:00.000,GOA,500 Block Of Jones St,San Francisco,CA,Premise Address,Pending
1661374,172871665,912,2017-10-14T00:00:00.000,2017-10-14T00:00:00.000,2017-10-14T00:00:00.000,12:23,2017-10-14T12:23:00.000,ADV,100 Blk Funston Av,San Francisco,CA,Geo-Override,Closed
377084,191363206,Well Being Check,2019-05-16T00:00:00.000,2019-05-16T00:00:00.000,2019-05-16T00:00:00.000,18:54,2019-05-16T18:54:00.000,NOM,Kezar Dr/martin Luther King Dr,San Francisco,CA,Intersection,Closed
2361596,163511510,22500e,2016-12-16T00:00:00.000,2016-12-16T00:00:00.000,2016-12-16T00:00:00.000,11:38,2016-12-16T11:38:00.000,CIT,1800 Block Of 37th Av,San Francisco,CA,Premise Address,Withdrawn
2426427,163213486,Homeless Complaint,2016-11-16T00:00:00.000,2016-11-16T00:00:00.000,2016-11-16T00:00:00.000,18:55,2016-11-16T18:55:00.000,CAN,200 Block Of Folsom St,San Francisco,CA,Premise Address,Closed
1393236,180422030,601,2018-02-11T00:00:00.000,2018-02-11T00:00:00.000,2018-02-11T00:00:00.000,14:41,2018-02-11T14:41:00.000,ND,2200 Block Of Mission St,San Francisco,CA,Premise Address,Closed
339426,191531801,Drugs,2019-06-02T00:00:00.000,2019-06-02T00:00:00.000,2019-06-02T00:00:00.000,13:44,2019-06-02T13:44:00.000,Not recorded,600 Block Of Larkin St,San Francisco,CA,Premise Address,Pending
700321,183561907,Homeless Complaint,2018-12-22T00:00:00.000,2018-12-22T00:00:00.000,2018-12-22T00:00:00.000,14:12,2018-12-22T14:12:00.000,UTL,14th St/landers St,San Francisco,CA,Intersection,Closed
833313,182962243,Rtl Private Property,2018-10-23T00:00:00.000,2018-10-23T00:00:00.000,2018-10-23T00:00:00.000,14:12,2018-10-23T14:12:00.000,GOA,1100 Block Of Sutter St,San Francisco,CA,Premise Address,Closed
1424752,180282391,Dw,2018-01-28T00:00:00.000,2018-01-28T00:00:00.000,2018-01-28T00:00:00.000,16:27,2018-01-28T16:27:00.000,GOA,200 Block Of Brighton Av,San Francisco,CA,Premise Address,Closed
1386116,180453679,Passing Call,2018-02-14T00:00:00.000,2018-02-14T00:00:00.000,2018-02-14T00:00:00.000,19:30,2018-02-14T19:30:00.000,HAN,24th St/castro St,San Francisco,CA,Intersection,Pending
1313888,180783512,22500f,2018-03-19T00:00:00.000,2018-03-19T00:00:00.000,2018-03-19T00:00:00.000,19:01,2018-03-19T19:01:00.000,GOA,0 Block Of Ford St,San Francisco,CA,Premise Address,Pending
2397616,163350453,Fight No Weapon,2016-11-30T00:00:00.000,2016-11-30T00:00:00.000,2016-11-30T00:00:00.000,06:12,2016-11-30T06:12:00.000,ND,100 Block Of Genebern Wy,San Francisco,CA,Premise Address,Closed
2860465,161342091,Passing Call,2016-05-13T00:00:00.000,2016-05-13T00:00:00.000,2016-05-13T00:00:00.000,14:34,2016-05-13T14:34:00.000,Not recorded,800 Block Of Arkansas St,San Francisco,CA,Common Location,Pending
2630299,162362867,22500e,2016-08-23T00:00:00.000,2016-08-23T00:00:00.000,2016-08-23T00:00:00.000,17:16,2016-08-23T17:16:00.000,HAN,1500 Block Of Lyon St,San Francisco,CA,Premise Address,Withdrawn
2211887,170541318,22500e,2017-02-23T00:00:00.000,2017-02-23T00:00:00.000,2017-02-23T00:00:00.000,10:29,2017-02-23T10:29:00.000,CIT,600 Block Of London St,San Francisco,CA,Premise Address,Closed
88961,192590404,Poss,2019-09-16T00:00:00.000,2019-09-16T00:00:00.000,2019-09-16T00:00:00.000,05:19,2019-09-16T05:19:00.000,NOM,2500 Block Of Van Ness Av,San Francisco,CA,Premise Address,Closed
2013303,171380547,Suspicious Person,2017-05-18T00:00:00.000,2017-05-18T00:00:00.000,2017-05-18T00:00:00.000,07:13,2017-05-18T07:13:00.000,ADV,16th St/hoff St,San Francisco,CA,Intersection,Withdrawn
829071,182981220,Mentally Disturbed,2018-10-25T00:00:00.000,2018-10-25T00:00:00.000,2018-10-25T00:00:00.000,10:12,2018-10-25T10:12:00.000,HAN,400 Block Of Turk St,San Francisco,CA,Premise Address,Closed
2794268,161631007,Suspicious Person,2016-06-11T00:00:00.000,2016-06-11T00:00:00.000,2016-06-11T00:00:00.000,09:26,2016-06-11T09:26:00.000,ND,6th St/mission St,San Francisco,CA,Intersection,Closed
1296897,180863207,Assault / Battery,2018-03-27T00:00:00.000,2018-03-27T00:00:00.000,2018-03-27T00:00:00.000,18:08,2018-03-27T18:08:00.000,HAN,24th St/valencia St,San Francisco,CA,Intersection,Closed
2627349,162373713,Homeless Complaint,2016-08-24T00:00:00.000,2016-08-24T00:00:00.000,2016-08-24T00:00:00.000,20:19,2016-08-24T20:19:00.000,GOA,2200 Block Of Larkin St,San Francisco,CA,Premise Address,Pending
107161,192513526,Traffic Stop,2019-09-08T00:00:00.000,2019-09-08T00:00:00.000,2019-09-08T00:00:00.000,20:46,2019-09-08T20:46:00.000,CIT,10th St/harrison St,San Francisco,CA,Intersection,Withdrawn
987148,182291538,Traffic Stop,2018-08-17T00:00:00.000,2018-08-17T00:00:00.000,2018-08-17T00:00:00.000,11:39,2018-08-17T11:39:00.000,CIT,400 Blk Geary St,San Francisco,CA,Geo-Override,Closed
1561260,173320517,7.2.45,2017-11-28T00:00:00.000,2017-11-28T00:00:00.000,2017-11-28T00:00:00.000,06:44,2017-11-28T06:44:00.000,CIT,100 Block Of Clementina St,San Francisco,CA,Premise Address,Withdrawn
948785,182461668,22500e,2018-09-03T00:00:00.000,2018-09-03T00:00:00.000,2018-09-03T00:00:00.000,13:27,2018-09-03T13:27:00.000,CIT,1300 Block Of Masonic Av,San Francisco,CA,Premise Address,Closed
2843751,161412310,500e,2016-05-20T00:00:00.000,2016-05-20T00:00:00.000,2016-05-20T00:00:00.000,15:14,2016-05-20T15:14:00.000,CIT,700 Block Of Steiner St,San Francisco,CA,Premise Address,Pending
2425022,163221689,Auto Boost / Strip,2016-11-17T00:00:00.000,2016-11-17T00:00:00.000,2016-11-17T00:00:00.000,11:33,2016-11-17T11:33:00.000,REP,Beach/mason,,CA,Geo-Override,Pending
2649135,162282449,22500f,2016-08-15T00:00:00.000,2016-08-15T00:00:00.000,2016-08-15T00:00:00.000,16:05,2016-08-15T16:05:00.000,GOA,0 Block Of Arleta Av,San Francisco,CA,Premise Address,Closed
73419,192651658,Traffic Stop,2019-09-22T00:00:00.000,2019-09-22T00:00:00.000,2019-09-22T00:00:00.000,12:17,2019-09-22T12:17:00.000,CIT,39th Av/wawona St,San Francisco,CA,Intersection,Pending
2470627,163023633,650,2016-10-28T00:00:00.000,2016-10-28T00:00:00.000,2016-10-28T00:00:00.000,21:00,2016-10-28T21:00:00.000,GOA,21st St/mission St,San Francisco,CA,Intersection,Closed
2620758,162402472,Muni Inspection,2016-08-27T00:00:00.000,2016-08-27T00:00:00.000,2016-08-27T00:00:00.000,16:22,2016-08-27T16:22:00.000,HAN,Civic Center Muni Station,,CA,Geo-Override,Pending
1355074,180593946,Audible Alarm,2018-02-28T00:00:00.000,2018-02-28T00:00:00.000,2018-02-28T00:00:00.000,21:13,2018-02-28T21:13:00.000,HAN,1400 Block Of Tennessee St,San Francisco,CA,Premise Address,Pending
1041997,182040705,Trespasser,2018-07-23T00:00:00.000,2018-07-23T00:00:00.000,2018-07-23T00:00:00.000,08:07,2018-07-23T08:07:00.000,REP,800 Block Of Ellis St,San Francisco,CA,Premise Address,Pending
1511597,173532990,Stolen Property,2017-12-19T00:00:00.000,2017-12-19T00:00:00.000,2017-12-19T00:00:00.000,17:12,2017-12-19T17:12:00.000,REP,1700 Block Of 15th St,San Francisco,CA,Premise Address,Withdrawn
2532088,162770240,Traffic Stop,2016-10-03T00:00:00.000,2016-10-03T00:00:00.000,2016-10-03T00:00:00.000,02:06,2016-10-03T02:06:00.000,CIT,Scott St/fell St,San Francisco,CA,Intersection,Closed
2242666,170403482,Person W/knife,2017-02-09T00:00:00.000,2017-02-09T00:00:00.000,2017-02-09T00:00:00.000,19:27,2017-02-09T19:27:00.000,ND,700 Block Of Stanyan St,San Francisco,CA,Common Location,Closed
1042720,182033156,Jo,2018-07-22T00:00:00.000,2018-07-22T00:00:00.000,2018-07-22T00:00:00.000,20:02,2018-07-22T20:02:00.000,ND,100 Block Of Grove St,San Francisco,CA,Common Location,Closed
484824,190910173,Passing Call,2019-04-01T00:00:00.000,2019-04-01T00:00:00.000,2019-04-01T00:00:00.000,01:47,2019-04-01T01:47:00.000,HAN,100 Block Of Hardie Pl,San Francisco,CA,Premise Address,Pending
992746,182263680,Family,2018-08-14T00:00:00.000,2018-08-14T00:00:00.000,2018-08-14T00:00:00.000,21:46,2018-08-14T21:46:00.000,ABA,900 Block Of Fairfax Av,San Francisco,CA,Premise Address,Withdrawn
509946,190794094,Traffic Stop,2019-03-20T00:00:00.000,2019-03-20T00:00:00.000,2019-03-20T00:00:00.000,22:39,2019-03-20T22:39:00.000,CIT,Sunset Bl/lawton St,San Francisco,CA,Intersection,Pending
1580118,173230897,Homeless Complaint,2017-11-19T00:00:00.000,2017-11-19T00:00:00.000,2017-11-19T00:00:00.000,08:39,2017-11-19T08:39:00.000,HAN,Beaver St/noe St,San Francisco,CA,Intersection,Closed
1042698,182033198,Drugs,2018-07-22T00:00:00.000,2018-07-22T00:00:00.000,2018-07-22T00:00:00.000,20:20,2018-07-22T20:20:00.000,GOA,Jones St/post St,San Francisco,CA,Intersection,Closed
385586,191330315,Petty Theft,2019-05-13T00:00:00.000,2019-05-13T00:00:00.000,2019-05-13T00:00:00.000,03:43,2019-05-13T03:43:00.000,HAN,0 Block Of United Nations Pz,San Francisco,CA,Common Location,Closed
1958950,171602649,Passing Call,2017-06-09T00:00:00.000,2017-06-09T00:00:00.000,2017-06-09T00:00:00.000,16:45,2017-06-09T16:45:00.000,HAN,18th St & Castro,,CA,Geo-Override,Closed
427664,191144109,Strongarm Robbery,2019-04-24T00:00:00.000,2019-04-24T00:00:00.000,2019-04-24T00:00:00.000,20:31,2019-04-24T20:31:00.000,UTL,1100 Block Of Market St,San Francisco,CA,Common Location,Pending
2133885,170870843,Noise Nuisance,2017-03-28T00:00:00.000,2017-03-28T00:00:00.000,2017-03-28T00:00:00.000,08:14,2017-03-28T08:14:00.000,CAN,800 Block Of Larkin St,San Francisco,CA,Premise Address,Pending
2822767,161503420,Passing Call,2016-05-29T00:00:00.000,2016-05-29T00:00:00.000,2016-05-29T00:00:00.000,20:20,2016-05-29T20:20:00.000,HAN,Bay St/taylor St,San Francisco,CA,Intersection,Closed
1072788,181892182,Passing Call,2018-07-08T00:00:00.000,2018-07-08T00:00:00.000,2018-07-08T00:00:00.000,15:49,2018-07-08T15:49:00.000,Not recorded,900 Block Of Market St,San Francisco,CA,Common Location,Pending
2713160,161991297,Citizen Standby,2016-07-17T00:00:00.000,2016-07-17T00:00:00.000,2016-07-17T00:00:00.000,11:40,2016-07-17T11:40:00.000,ABA,1300 Block Of Quesada Av,San Francisco,CA,Premise Address,Pending
2057744,171191722,"7,2,46",2017-04-29T00:00:00.000,2017-04-29T00:00:00.000,2017-04-29T00:00:00.000,12:56,2017-04-29T12:56:00.000,22,5100 Block Of Geary Bl,San Francisco,CA,Premise Address,Closed
1639550,172972241,Suspicious Person,2017-10-24T00:00:00.000,2017-10-24T00:00:00.000,2017-10-24T00:00:00.000,14:02,2017-10-24T14:02:00.000,CIT,1000 Blk Market St,San Francisco,CA,Geo-Override,Pending
1529447,173453761,Mentally Disturbed,2017-12-11T00:00:00.000,2017-12-11T00:00:00.000,2017-12-11T00:00:00.000,20:14,2017-12-11T20:14:00.000,GOA,16th St/3rd St,San Francisco,CA,Intersection,Pending
791383,183133655,Fp,2018-11-09T00:00:00.000,2018-11-09T00:00:00.000,2018-11-09T00:00:00.000,19:39,2018-11-09T19:39:00.000,REP,1200 Block Of Battery St,San Francisco,CA,Premise Address,Closed
541338,190660685,Trespasser,2019-03-07T00:00:00.000,2019-03-07T00:00:00.000,2019-03-07T00:00:00.000,07:50,2019-03-07T07:50:00.000,Not recorded,400 Block Of Geary St,San Francisco,CA,Common Location,Closed
1682610,172780591,909,2017-10-05T00:00:00.000,2017-10-05T00:00:00.000,2017-10-05T00:00:00.000,07:22,2017-10-05T07:22:00.000,ND,300 Block Of Pine St,San Francisco,CA,Premise Address,Withdrawn
1366406,180542660,Traffic Stop,2018-02-23T00:00:00.000,2018-02-23T00:00:00.000,2018-02-23T00:00:00.000,16:24,2018-02-23T16:24:00.000,CIT,Fell St/lyon St,San Francisco,CA,Intersection,Closed
1027993,182102383,Ip,2018-07-29T00:00:00.000,2018-07-29T00:00:00.000,2018-07-29T00:00:00.000,17:31,2018-07-29T17:31:00.000,REP,400 Block Of Sutter St,San Francisco,CA,Premise Address,Pending
164738,192280115,Passing Call,2019-08-16T00:00:00.000,2019-08-16T00:00:00.000,2019-08-16T00:00:00.000,00:42,2019-08-16T00:42:00.000,Not recorded,400 Block Of Van Ness Av,San Francisco,CA,Common Location,Pending
804020,183082463,Traf Violation Tow,2018-11-04T00:00:00.000,2018-11-04T00:00:00.000,2018-11-04T00:00:00.000,16:06,2018-11-04T16:06:00.000,GOA,2900 Block Of Bush St,San Francisco,CA,Premise Address,Closed
2389630,163383046,Traffic Stop,2016-12-03T00:00:00.000,2016-12-03T00:00:00.000,2016-12-03T00:00:00.000,18:43,2016-12-03T18:43:00.000,CIT,Mariposa St/indiana St,San Francisco,CA,Intersection,Closed
338503,191533325,Passing Call,2019-06-02T00:00:00.000,2019-06-02T00:00:00.000,2019-06-02T00:00:00.000,20:57,2019-06-02T20:57:00.000,Not recorded,3rd St And Ave D Job Corps,,CA,Geo-Override,Pending
1595196,173161399,Trespasser,2017-11-12T00:00:00.000,2017-11-12T00:00:00.000,2017-11-12T00:00:00.000,11:08,2017-11-12T11:08:00.000,GOA,300 Block Of South Van Ness Av,San Francisco,CA,Premise Address,Pending
357102,191453042,Muni Inspection,2019-05-25T00:00:00.000,2019-05-25T00:00:00.000,2019-05-25T00:00:00.000,19:03,2019-05-25T19:03:00.000,Not recorded,Mission St/16th St,San Francisco,CA,Intersection,Closed
2151531,170791680,Person Breaking In,2017-03-20T00:00:00.000,2017-03-20T00:00:00.000,2017-03-20T00:00:00.000,12:08,2017-03-20T12:08:00.000,Not recorded,500 Block Of Arch St,San Francisco,CA,Premise Address,Pending
2464751,163051117,Sw,2016-10-31T00:00:00.000,2016-10-31T00:00:00.000,2016-10-31T00:00:00.000,09:31,2016-10-31T09:31:00.000,NOM,2500 Block Of 31st Av,San Francisco,CA,Premise Address,Closed
1597812,173150781,Passing Call,2017-11-11T00:00:00.000,2017-11-11T00:00:00.000,2017-11-11T00:00:00.000,07:47,2017-11-11T07:47:00.000,Not recorded,1500 Block Of Haight St,San Francisco,CA,Common Location,Pending
2834766,161452608,22500e,2016-05-24T00:00:00.000,2016-05-24T00:00:00.000,2016-05-24T00:00:00.000,16:14,2016-05-24T16:14:00.000,GOA,200 Block Of Gilbert St,San Francisco,CA,Premise Address,Closed
2011498,171383878,Traffic Stop,2017-05-18T00:00:00.000,2017-05-18T00:00:00.000,2017-05-18T00:00:00.000,20:56,2017-05-18T20:56:00.000,CIT,19th Av/ulloa St,San Francisco,CA,Intersection,Pending
2769498,161741008,Encampment,2016-06-22T00:00:00.000,2016-06-22T00:00:00.000,2016-06-22T00:00:00.000,09:19,2016-06-22T09:19:00.000,HAN,16th St/8th St,San Francisco,CA,Intersection,Pending
2940364,161001702,Mentally Disturbed,2016-04-09T00:00:00.000,2016-04-09T00:00:00.000,2016-04-09T00:00:00.000,13:32,2016-04-09T13:32:00.000,ND,Fulton St/10th Av,San Francisco,CA,Intersection,Pending
2230993,170453790,Missing Adult,2017-02-14T00:00:00.000,2017-02-14T00:00:00.000,2017-02-14T00:00:00.000,21:57,2017-02-14T21:57:00.000,REP,600 Block Of Valencia St,San Francisco,CA,Common Location,Pending
451878,191042658,Traffic Stop,2019-04-14T00:00:00.000,2019-04-14T00:00:00.000,2019-04-14T00:00:00.000,17:26,2019-04-14T17:26:00.000,ADV,17th St/dolores St,San Francisco,CA,Intersection,Withdrawn
127353,192431550,Assault / Battery Dv,2019-08-31T00:00:00.000,2019-08-31T00:00:00.000,2019-08-31T00:00:00.000,11:54,2019-08-31T11:54:00.000,NOM,17th St/capp St,San Francisco,CA,Intersection,Pending
2919399,161092414,Dw,2016-04-18T00:00:00.000,2016-04-18T00:00:00.000,2016-04-18T00:00:00.000,15:29,2016-04-18T15:29:00.000,HAN,2300 Block Of Bryant St,San Francisco,CA,Premise Address,Withdrawn
2325326,170021927,Passing Call,2017-01-02T00:00:00.000,2017-01-02T00:00:00.000,2017-01-02T00:00:00.000,15:02,2017-01-02T15:02:00.000,Not recorded,1700 Blk Sunnydale Av,San Francisco,CA,Geo-Override,Pending
2218417,170511156,Suspicious Vehicle,2017-02-20T00:00:00.000,2017-02-20T00:00:00.000,2017-02-20T00:00:00.000,11:11,2017-02-20T11:11:00.000,REP,1300 Block Of Fitzgerald Av,San Francisco,CA,Premise Address,Closed
1685635,172763775,Traffic Stop,2017-10-03T00:00:00.000,2017-10-03T00:00:00.000,2017-10-03T00:00:00.000,20:07,2017-10-03T20:07:00.000,ADV,Foerster St/staples Av,San Francisco,CA,Intersection,Closed
47158,192760630,Suspicious Vehicle,2019-10-03T00:00:00.000,2019-10-03T00:00:00.000,2019-10-03T00:00:00.000,07:25,2019-10-03T07:25:00.000,ADV,Cleary Ct/geary Bl,San Francisco,CA,Intersection,Closed
1342076,180653421,Muni Inspection,2018-03-06T00:00:00.000,2018-03-06T00:00:00.000,2018-03-06T00:00:00.000,18:32,2018-03-06T18:32:00.000,Not recorded,South Van Ness Av/market St,San Francisco,CA,Intersection,Pending
1989363,171473521,Audible Alarm,2017-05-27T00:00:00.000,2017-05-27T00:00:00.000,2017-05-27T00:00:00.000,20:07,2017-05-27T20:07:00.000,PAS,1100 Block Of Folsom St,San Francisco,CA,Premise Address,Closed
894296,182700766,Passing Call,2018-09-27T00:00:00.000,2018-09-27T00:00:00.000,2018-09-27T00:00:00.000,08:21,2018-09-27T08:21:00.000,Not recorded,0 Block Of United Nations Pz,San Francisco,CA,Common Location,Closed
921372,182582178,22500e,2018-09-15T00:00:00.000,2018-09-15T00:00:00.000,2018-09-15T00:00:00.000,14:53,2018-09-15T14:53:00.000,CIT,600 Block Of 39th Av,San Francisco,CA,Premise Address,Closed
1911744,171813383,601,2017-06-30T00:00:00.000,2017-06-30T00:00:00.000,2017-06-30T00:00:00.000,19:47,2017-06-30T19:47:00.000,GOA,200 Block Of Ofarrell St,San Francisco,CA,Premise Address,Closed
2490691,162940627,Dw,2016-10-20T00:00:00.000,2016-10-20T00:00:00.000,2016-10-20T00:00:00.000,07:23,2016-10-20T07:23:00.000,CIT,1900 Block Of Broderick St,San Francisco,CA,Premise Address,Pending
887937,182723692,Suspicious Vehicle,2018-09-29T00:00:00.000,2018-09-29T00:00:00.000,2018-09-29T00:00:00.000,21:54,2018-09-29T21:54:00.000,HAN,Utah St/25th St,San Francisco,CA,Intersection,Closed
1166411,181441130,Drugs,2018-05-24T00:00:00.000,2018-05-24T00:00:00.000,2018-05-24T00:00:00.000,09:40,2018-05-24T09:40:00.000,ADV,8th St/mission St,San Francisco,CA,Intersection,Closed
502000,190832116,Audible Alarm,2019-03-24T00:00:00.000,2019-03-24T00:00:00.000,2019-03-24T00:00:00.000,14:04,2019-03-24T14:04:00.000,PAS,400 Block Of Alabama St,San Francisco,CA,Premise Address,Pending
928041,182553168,518,2018-09-12T00:00:00.000,2018-09-12T00:00:00.000,2018-09-12T00:00:00.000,16:59,2018-09-12T16:59:00.000,HAN,Harriet St/harrison St,San Francisco,CA,Intersection,Pending
101742,192540025,Arrest Made,2019-09-11T00:00:00.000,2019-09-11T00:00:00.000,2019-09-11T00:00:00.000,00:14,2019-09-11T00:14:00.000,REP,1000 Block Of Potrero Av,San Francisco,CA,Premise Address,Pending
2832139,161463030,Audible Alarm,2016-05-25T00:00:00.000,2016-05-25T00:00:00.000,2016-05-25T00:00:00.000,17:27,2016-05-25T17:27:00.000,PAS,2400 Block Of Clay St,San Francisco,CA,Premise Address,Closed
2535565,162753037,Petty Theft,2016-10-01T00:00:00.000,2016-10-01T00:00:00.000,2016-10-01T00:00:00.000,17:34,2016-10-01T17:34:00.000,REP,5th St/market St,San Francisco,CA,Intersection,Pending
2627642,162373208,Traffic Stop,2016-08-24T00:00:00.000,2016-08-24T00:00:00.000,2016-08-24T00:00:00.000,18:13,2016-08-24T18:13:00.000,ADV,Powell St/vallejo St,San Francisco,CA,Intersection,Closed
1965191,171580347,Noise Nuisance,2017-06-07T00:00:00.000,2017-06-07T00:00:00.000,2017-06-07T00:00:00.000,03:59,2017-06-07T03:59:00.000,Not recorded,0 Block Of 6th St,San Francisco,CA,Premise Address,Pending
183574,192201530,Passing Call,2019-08-08T00:00:00.000,2019-08-08T00:00:00.000,2019-08-08T00:00:00.000,11:32,2019-08-08T11:32:00.000,Not recorded,100 Block Of John F Shelley Dr,San Francisco,CA,Common Location,Closed
2201008,170583991,Traffic Stop,2017-02-27T00:00:00.000,2017-02-27T00:00:00.000,2017-02-27T00:00:00.000,22:29,2017-02-27T22:29:00.000,CIT,Taylor St/post St,San Francisco,CA,Intersection,Closed
2275522,170260533,Audible Alarm,2017-01-26T00:00:00.000,2017-01-26T00:00:00.000,2017-01-26T00:00:00.000,06:27,2017-01-26T06:27:00.000,NCR,2800 Block Of Mission St,San Francisco,CA,Premise Address,Pending
1324899,180733460,Muni Inspection,2018-03-14T00:00:00.000,2018-03-14T00:00:00.000,2018-03-14T00:00:00.000,19:08,2018-03-14T19:08:00.000,Not recorded,1st St/market St,San Francisco,CA,Intersection,Pending
2472448,163020122,911 Drop Call,2016-10-28T00:00:00.000,2016-10-28T00:00:00.000,2016-10-28T00:00:00.000,00:59,2016-10-28T00:59:00.000,HAN,1300 Block Of 16th St,San Francisco,CA,Premise Address,Closed
1009684,182190815,Audible Alarm,2018-08-07T00:00:00.000,2018-08-07T00:00:00.000,2018-08-07T00:00:00.000,08:53,2018-08-07T08:53:00.000,CAN,900 Block Of Market St,San Francisco,CA,Premise Address,Pending
574914,190501257,Suspicious Person,2019-02-19T00:00:00.000,2019-02-19T00:00:00.000,2019-02-19T00:00:00.000,10:13,2019-02-19T10:13:00.000,GOA,Stevenson St/7th St,San Francisco,CA,Intersection,Pending
182882,192202885,Passing Call,2019-08-08T00:00:00.000,2019-08-08T00:00:00.000,2019-08-08T00:00:00.000,17:02,2019-08-08T17:02:00.000,HAN,17th St/hartford St,San Francisco,CA,Intersection,Pending
1544640,173392759,Suspicious Person,2017-12-05T00:00:00.000,2017-12-05T00:00:00.000,2017-12-05T00:00:00.000,16:13,2017-12-05T16:13:00.000,ADV,Minna St/4th St,San Francisco,CA,Intersection,Pending
50677,192743294,H&r Injury Accident,2019-10-01T00:00:00.000,2019-10-01T00:00:00.000,2019-10-01T00:00:00.000,17:34,2019-10-01T17:34:00.000,REP,2300 Block Of Ofarrell St,San Francisco,CA,Premise Address,Pending
2588233,162540766,Traffic Stop,2016-09-10T00:00:00.000,2016-09-10T00:00:00.000,2016-09-10T00:00:00.000,07:40,2016-09-10T07:40:00.000,CIT,17th St/san Bruno Av,San Francisco,CA,Intersection,Pending
2187252,170641860,7.2.37,2017-03-05T00:00:00.000,2017-03-05T00:00:00.000,2017-03-05T00:00:00.000,13:51,2017-03-05T13:51:00.000,GOA,500 Block Of Fulton St,San Francisco,CA,Premise Address,Closed
1700223,172703339,Muni Inspection,2017-09-27T00:00:00.000,2017-09-27T00:00:00.000,2017-09-27T00:00:00.000,17:37,2017-09-27T17:37:00.000,HAN,400 Block Of Laguna Honda Bl,San Francisco,CA,Common Location,Pending
520002,190752607,Cj,2019-03-16T00:00:00.000,2019-03-16T00:00:00.000,2019-03-16T00:00:00.000,16:21,2019-03-16T16:21:00.000,UTL,100 Block Of Mcallister St,San Francisco,CA,Premise Address,Pending
854326,182863994,Passing Call,2018-10-13T00:00:00.000,2018-10-13T00:00:00.000,2018-10-13T00:00:00.000,23:43,2018-10-13T23:43:00.000,Not recorded,Mission St/precita Av,San Francisco,CA,Intersection,Pending
1994028,171460091,909,2017-05-26T00:00:00.000,2017-05-26T00:00:00.000,2017-05-26T00:00:00.000,00:39,2017-05-26T00:39:00.000,GOA,17th St/san Bruno Av,San Francisco,CA,Intersection,Closed
1931010,171731013,22500e,2017-06-22T00:00:00.000,2017-06-22T00:00:00.000,2017-06-22T00:00:00.000,09:50,2017-06-22T09:50:00.000,Not recorded,1400 Block Of 9th Av,San Francisco,CA,Premise Address,Withdrawn
2375057,163451631,Encampment,2016-12-10T00:00:00.000,2016-12-10T00:00:00.000,2016-12-10T00:00:00.000,12:30,2016-12-10T12:30:00.000,ADV,Trainor St/13th St,San Francisco,CA,Intersection,Pending
1699078,172710572,Person W/knife,2017-09-28T00:00:00.000,2017-09-28T00:00:00.000,2017-09-28T00:00:00.000,06:49,2017-09-28T06:49:00.000,REP,5400 Block Of 3rd St,San Francisco,CA,Premise Address,Closed
299166,191710372,Poss,2019-06-20T00:00:00.000,2019-06-20T00:00:00.000,2019-06-20T00:00:00.000,05:02,2019-06-20T05:02:00.000,UTL,Fern St/polk St,San Francisco,CA,Intersection,Pending
2120132,170923058,22500e,2017-04-02T00:00:00.000,2017-04-02T00:00:00.000,2017-04-02T00:00:00.000,18:01,2017-04-02T18:01:00.000,HAN,300 Block Of 4th Av,San Francisco,CA,Premise Address,Pending
1039754,182050592,Burglary,2018-07-24T00:00:00.000,2018-07-24T00:00:00.000,2018-07-24T00:00:00.000,07:42,2018-07-24T07:42:00.000,HAN,300 Block Of Juanita Wy,San Francisco,CA,Premise Address,Pending
2912001,161121791,Traffic Stop,2016-04-21T00:00:00.000,2016-04-21T00:00:00.000,2016-04-21T00:00:00.000,12:38,2016-04-21T12:38:00.000,ADV,Clement St/43rd Av,San Francisco,CA,Intersection,Closed
1841442,172120984,Homeless Complaint,2017-07-31T00:00:00.000,2017-07-31T00:00:00.000,2017-07-31T00:00:00.000,09:14,2017-07-31T09:14:00.000,HAN,300 Block Of Ivy St,San Francisco,CA,Premise Address,Pending
476387,190941749,Passing Call,2019-04-04T00:00:00.000,2019-04-04T00:00:00.000,2019-04-04T00:00:00.000,11:35,2019-04-04T11:35:00.000,Not recorded,1500 Block Of Shafter Av,San Francisco,CA,Premise Address,Closed
999387,182233378,Suicide Attempt,2018-08-11T00:00:00.000,2018-08-11T00:00:00.000,2018-08-11T00:00:00.000,19:31,2018-08-11T19:31:00.000,REP,300 Block Of Mcallister St #214,San Francisco,CA,Common Location,Pending
876105,182774549,Traffic Stop,2018-10-04T00:00:00.000,2018-10-04T00:00:00.000,2018-10-04T00:00:00.000,22:48,2018-10-04T22:48:00.000,CIT,20th Av/balboa St,San Francisco,CA,Intersection,Pending
2630736,162362063,Traffic Stop,2016-08-23T00:00:00.000,2016-08-23T00:00:00.000,2016-08-23T00:00:00.000,13:58,2016-08-23T13:58:00.000,CIT,Cesar Chavez St/michigan St,San Francisco,CA,Intersection,Withdrawn
370069,191400383,Well Being Check,2019-05-20T00:00:00.000,2019-05-20T00:00:00.000,2019-05-20T00:00:00.000,06:05,2019-05-20T06:05:00.000,GOA,Broadway/leavenworth St,San Francisco,CA,Intersection,Closed
1017653,182151806,Well Being Check,2018-08-03T00:00:00.000,2018-08-03T00:00:00.000,2018-08-03T00:00:00.000,12:57,2018-08-03T12:57:00.000,GOA,100 Block Of Ellis St,San Francisco,CA,Premise Address,Withdrawn
688299,183630248,Traf Violation Cite,2018-12-29T00:00:00.000,2018-12-29T00:00:00.000,2018-12-29T00:00:00.000,02:14,2018-12-29T02:14:00.000,CIT,100 Block Of Randolph St,San Francisco,CA,Premise Address,Closed
2948889,160963446,Stolen Vehicle,2016-04-05T00:00:00.000,2016-04-05T00:00:00.000,2016-04-05T00:00:00.000,19:10,2016-04-05T19:10:00.000,HAN,Main St/bryant St,San Francisco,CA,Intersection,Closed
2446430,163130260,Suspicious Person,2016-11-08T00:00:00.000,2016-11-08T00:00:00.000,2016-11-08T00:00:00.000,03:30,2016-11-08T03:30:00.000,GOA,5900 Block Of Geary Bl,San Francisco,CA,Premise Address,Closed
1541078,173410166,Open Line,2017-12-07T00:00:00.000,2017-12-07T00:00:00.000,2017-12-07T00:00:00.000,01:33,2017-12-07T01:33:00.000,UTL,2500 Block Of Steiner St,San Francisco,CA,Premise Address,Pending
687548,183631723,Suspicious Person,2018-12-29T00:00:00.000,2018-12-29T00:00:00.000,2018-12-29T00:00:00.000,13:58,2018-12-29T13:58:00.000,ADV,19th St/diamond St,San Francisco,CA,Intersection,Closed
2548701,162701720,Person W/knife,2016-09-26T00:00:00.000,2016-09-26T00:00:00.000,2016-09-26T00:00:00.000,12:09,2016-09-26T12:09:00.000,GOA,100 Block Of Larkin St,San Francisco,CA,Common Location,Pending
1340069,180662974,Wz,2018-03-07T00:00:00.000,2018-03-07T00:00:00.000,2018-03-07T00:00:00.000,18:01,2018-03-07T18:01:00.000,GOA,1300 Block Of Haight St,San Francisco,CA,Premise Address,Pending
564995,190542729,Passing Call,2019-02-23T00:00:00.000,2019-02-23T00:00:00.000,2019-02-23T00:00:00.000,18:22,2019-02-23T18:22:00.000,HAN,Market St/new Montgomery St,San Francisco,CA,Intersection,Withdrawn
2128849,170890736,Traffic Stop,2017-03-30T00:00:00.000,2017-03-30T00:00:00.000,2017-03-30T00:00:00.000,07:40,2017-03-30T07:40:00.000,HAN,20th St/texas St,San Francisco,CA,Intersection,Pending
1588409,173191484,Suspicious Person,2017-11-15T00:00:00.000,2017-11-15T00:00:00.000,2017-11-15T00:00:00.000,11:04,2017-11-15T11:04:00.000,HAN,100 Block Of Jefferson St,San Francisco,CA,Premise Address,Closed
587702,190434011,H&r Injury Accident,2019-02-12T00:00:00.000,2019-02-12T00:00:00.000,2019-02-12T00:00:00.000,21:28,2019-02-12T21:28:00.000,CAN,100 Block Of Grove St,San Francisco,CA,Common Location,Pending
2465461,163044006,Suspicious Vehicle,2016-10-30T00:00:00.000,2016-10-30T00:00:00.000,2016-10-30T00:00:00.000,22:39,2016-10-30T22:39:00.000,GOA,Leavenworth St/mcallister St,San Francisco,CA,Intersection,Closed
1641698,172962750,Aggressive,2017-10-23T00:00:00.000,2017-10-23T00:00:00.000,2017-10-23T00:00:00.000,16:04,2017-10-23T16:04:00.000,ADV,2100 Block Of Market St,San Francisco,CA,Premise Address,Pending
143430,192363126,Traf Violation Cite,2019-08-24T00:00:00.000,2019-08-24T00:00:00.000,2019-08-24T00:00:00.000,17:52,2019-08-24T17:52:00.000,CAN,47th Av/sloat Bl,San Francisco,CA,Intersection,Closed
1878897,171960223,Prowler,2017-07-15T00:00:00.000,2017-07-15T00:00:00.000,2017-07-15T00:00:00.000,01:37,2017-07-15T01:37:00.000,ADV,700 Block Of Market St,San Francisco,CA,Premise Address,Pending
750847,183331429,Traf Violation Cite,2018-11-29T00:00:00.000,2018-11-29T00:00:00.000,2018-11-29T00:00:00.000,11:06,2018-11-29T11:06:00.000,GOA,Sacramento St/taylor St,San Francisco,CA,Intersection,Pending
1852298,172072624,Suspicious Person,2017-07-26T00:00:00.000,2017-07-26T00:00:00.000,2017-07-26T00:00:00.000,15:44,2017-07-26T15:44:00.000,HAN,Geary St/larkin St,San Francisco,CA,Intersection,Pending
54056,192731732,22500e/rz,2019-09-30T00:00:00.000,2019-09-30T00:00:00.000,2019-09-30T00:00:00.000,11:43,2019-09-30T11:43:00.000,GOA,800 Block Of 14th St,San Francisco,CA,Premise Address,Closed
2823577,161501998,Homeless Complaint,2016-05-29T00:00:00.000,2016-05-29T00:00:00.000,2016-05-29T00:00:00.000,14:17,2016-05-29T14:17:00.000,ADV,Larkin St/eddy St,San Francisco,CA,Intersection,Pending
2868758,161303245,Threats / Harassment,2016-05-09T00:00:00.000,2016-05-09T00:00:00.000,2016-05-09T00:00:00.000,20:08,2016-05-09T20:08:00.000,ND,100 Block Of 9th St,San Francisco,CA,Premise Address,Pending
2016717,171363458,Vandalism,2017-05-16T00:00:00.000,2017-05-16T00:00:00.000,2017-05-16T00:00:00.000,17:36,2017-05-16T17:36:00.000,REP,2200 Block Of 44th Av,San Francisco,CA,Premise Address,Pending
945420,182480090,Traffic Stop,2018-09-05T00:00:00.000,2018-09-05T00:00:00.000,2018-09-05T00:00:00.000,00:52,2018-09-05T00:52:00.000,ADV,600 Block Of Van Ness Av,San Francisco,CA,Premise Address,Pending
272902,191822739,Passing Call,2019-07-01T00:00:00.000,2019-07-01T00:00:00.000,2019-07-01T00:00:00.000,15:53,2019-07-01T15:53:00.000,ND,500 Block Of Clement St,San Francisco,CA,Common Location,Pending
105769,192522041,Homeless Complaint,2019-09-09T00:00:00.000,2019-09-09T00:00:00.000,2019-09-09T00:00:00.000,12:52,2019-09-09T12:52:00.000,ADV,14th St/shotwell St,San Francisco,CA,Intersection,Withdrawn
422973,191163802,800,2019-04-26T00:00:00.000,2019-04-26T00:00:00.000,2019-04-26T00:00:00.000,20:54,2019-04-26T20:54:00.000,HAN,Castro St/17th St,San Francisco,CA,Intersection,Pending
367174,191411835,Passing Call,2019-05-21T00:00:00.000,2019-05-21T00:00:00.000,2019-05-21T00:00:00.000,13:03,2019-05-21T13:03:00.000,HAN,400 Blk Stevenson St,San Francisco,CA,Geo-Override,Closed
1136690,181580043,Drugs,2018-06-07T00:00:00.000,2018-06-07T00:00:00.000,2018-06-07T00:00:00.000,00:29,2018-06-07T00:29:00.000,GOA,5800 Block Of Geary Bl,San Francisco,CA,Premise Address,Closed
2658672,162241531,Meet W/citizen,2016-08-11T00:00:00.000,2016-08-11T00:00:00.000,2016-08-11T00:00:00.000,11:25,2016-08-11T11:25:00.000,GOA,0 Block Of Jose Sarria Ct,San Francisco,CA,Premise Address,Pending
713654,183501188,Male,2018-12-16T00:00:00.000,2018-12-16T00:00:00.000,2018-12-16T00:00:00.000,10:28,2018-12-16T10:28:00.000,HAN,14th St/folsom St,San Francisco,CA,Intersection,Closed
2249729,170372771,Traffic Stop,2017-02-06T00:00:00.000,2017-02-06T00:00:00.000,2017-02-06T00:00:00.000,17:16,2017-02-06T17:16:00.000,HAN,Masonic Av/fulton St,San Francisco,CA,Intersection,Closed
1167496,181433431,Veh Accident,2018-05-23T00:00:00.000,2018-05-23T00:00:00.000,2018-05-23T00:00:00.000,19:09,2018-05-23T19:09:00.000,HAN,Drumm St/washington St,San Francisco,CA,Intersection,Closed
2374972,163451798,Traffic Stop,2016-12-10T00:00:00.000,2016-12-10T00:00:00.000,2016-12-10T00:00:00.000,13:26,2016-12-10T13:26:00.000,CIT,17th St/florida St,San Francisco,CA,Intersection,Closed
2877191,161264414,Party,2016-05-05T00:00:00.000,2016-05-05T00:00:00.000,2016-05-05T00:00:00.000,23:56,2016-05-05T23:56:00.000,HAN,200 Block Of Britton St,San Francisco,CA,Premise Address,Pending
2232737,170450579,Jo,2017-02-14T00:00:00.000,2017-02-14T00:00:00.000,2017-02-14T00:00:00.000,07:09,2017-02-14T07:09:00.000,CAN,Mariposa St/florida St,San Francisco,CA,Intersection,Closed
2268310,170291267,Complaint Unkn,2017-01-29T00:00:00.000,2017-01-29T00:00:00.000,2017-01-29T00:00:00.000,10:49,2017-01-29T10:49:00.000,HAN,600 Block Of Vallejo St,San Francisco,CA,Premise Address,Closed
1508505,173544280,22500e,2017-12-20T00:00:00.000,2017-12-20T00:00:00.000,2017-12-20T00:00:00.000,23:45,2017-12-20T23:45:00.000,CAN,1000 Block Of Ocean Av,San Francisco,CA,Premise Address,Closed
1766909,172430324,Assault / Battery,2017-08-31T00:00:00.000,2017-08-31T00:00:00.000,2017-08-31T00:00:00.000,04:11,2017-08-31T04:11:00.000,REP,1000 Block Of South Van Ness Av,San Francisco,CA,Premise Address,Closed
1091273,181802201,Petty Theft,2018-06-29T00:00:00.000,2018-06-29T00:00:00.000,2018-06-29T00:00:00.000,15:11,2018-06-29T15:11:00.000,REP,4th St/market St,San Francisco,CA,Intersection,Closed
1756495,172472157,Mentally Disturbed,2017-09-04T00:00:00.000,2017-09-04T00:00:00.000,2017-09-04T00:00:00.000,14:31,2017-09-04T14:31:00.000,ND,13th St/division St,San Francisco,CA,Intersection,Pending
644571,190183133,Traf Violation Cite,2019-01-18T00:00:00.000,2019-01-18T00:00:00.000,2019-01-18T00:00:00.000,17:58,2019-01-18T17:58:00.000,CIT,900 Block Of Alabama St,San Francisco,CA,Premise Address,Pending
2589859,162532244,.46,2016-09-09T00:00:00.000,2016-09-09T00:00:00.000,2016-09-09T00:00:00.000,14:40,2016-09-09T14:40:00.000,GOA,300 Block Of Larkin St,San Francisco,CA,Premise Address,Closed
925597,182562876,Well Being Check,2018-09-13T00:00:00.000,2018-09-13T00:00:00.000,2018-09-13T00:00:00.000,17:09,2018-09-13T17:09:00.000,NOM,4700 Block Of Balboa St,San Francisco,CA,Premise Address,Pending
2333808,163642821,22500f,2016-12-29T00:00:00.000,2016-12-29T00:00:00.000,2016-12-29T00:00:00.000,17:58,2016-12-29T17:58:00.000,CIT,0 Block Of Restani Wy,San Francisco,CA,Premise Address,Pending
2916784,161102738,911-Drop,2016-04-19T00:00:00.000,2016-04-19T00:00:00.000,2016-04-19T00:00:00.000,16:11,2016-04-19T16:11:00.000,ADV,0 Block Of Cyril Magnin St,San Francisco,CA,Premise Address,Closed
640836,190201384,Traf Violation Cite,2019-01-20T00:00:00.000,2019-01-20T00:00:00.000,2019-01-20T00:00:00.000,11:34,2019-01-20T11:34:00.000,CIT,1300 Block Of Bay St,San Francisco,CA,Premise Address,Pending
279610,191793502,Passing Call,2019-06-28T00:00:00.000,2019-06-28T00:00:00.000,2019-06-28T00:00:00.000,19:42,2019-06-28T19:42:00.000,HAN,0 Blk Belcher St,San Francisco,CA,Geo-Override,Closed
986607,182292653,Petty Theft,2018-08-17T00:00:00.000,2018-08-17T00:00:00.000,2018-08-17T00:00:00.000,16:08,2018-08-17T16:08:00.000,UTL,3800 Block Of 3rd St,San Francisco,CA,Premise Address,Closed
862184,182832818,Auto Boost / Strip,2018-10-10T00:00:00.000,2018-10-10T00:00:00.000,2018-10-10T00:00:00.000,15:49,2018-10-10T15:49:00.000,REP,17th St/guerrero St,San Francisco,CA,Intersection,Closed
2209225,170551718,Fight No Weapon,2017-02-24T00:00:00.000,2017-02-24T00:00:00.000,2017-02-24T00:00:00.000,12:11,2017-02-24T12:11:00.000,Not recorded,1400 Block Of Evans Av,San Francisco,CA,Premise Address,Closed
1859610,172041735,Injury Veh Accident,2017-07-23T00:00:00.000,2017-07-23T00:00:00.000,2017-07-23T00:00:00.000,12:51,2017-07-23T12:51:00.000,REP,Broadway/octavia St,San Francisco,CA,Intersection,Withdrawn
887106,182731171,Traf Violation Cite,2018-09-30T00:00:00.000,2018-09-30T00:00:00.000,2018-09-30T00:00:00.000,10:04,2018-09-30T10:04:00.000,CIT,1400 Block Of 25th Av,San Francisco,CA,Premise Address,Pending
983021,182310978,Trespasser,2018-08-19T00:00:00.000,2018-08-19T00:00:00.000,2018-08-19T00:00:00.000,09:30,2018-08-19T09:30:00.000,CAN,1000 Block Of Minna St,San Francisco,CA,Premise Address,Withdrawn
171833,192250641,Audible Alarm,2019-08-13T00:00:00.000,2019-08-13T00:00:00.000,2019-08-13T00:00:00.000,07:22,2019-08-13T07:22:00.000,22,500 Block Of 2nd St,San Francisco,CA,Premise Address,Withdrawn
2214511,170530926,Passing Call,2017-02-22T00:00:00.000,2017-02-22T00:00:00.000,2017-02-22T00:00:00.000,09:05,2017-02-22T09:05:00.000,Not recorded,100 Block Of Dore St,San Francisco,CA,Premise Address,Withdrawn
2269967,170282296,Auto Boost / Strip,2017-01-28T00:00:00.000,2017-01-28T00:00:00.000,2017-01-28T00:00:00.000,15:46,2017-01-28T15:46:00.000,REP,30th Av/clement St,San Francisco,CA,Intersection,Pending
824723,183000379,Noise Nuisance,2018-10-27T00:00:00.000,2018-10-27T00:00:00.000,2018-10-27T00:00:00.000,02:39,2018-10-27T02:39:00.000,UTL,2200 Block Of 9th Av,San Francisco,CA,Premise Address,Closed
703644,183543671,Veh Accident,2018-12-20T00:00:00.000,2018-12-20T00:00:00.000,2018-12-20T00:00:00.000,20:57,2018-12-20T20:57:00.000,REP,Pine Street And Van Ness Ave,,CA,Geo-Override,Pending
645723,190180960,Unocc,2019-01-18T00:00:00.000,2019-01-18T00:00:00.000,2019-01-18T00:00:00.000,09:09,2019-01-18T09:09:00.000,UTL,200 Blk Mission St,San Francisco,CA,Geo-Override,Withdrawn
834404,182954127,Vehicle Alarm,2018-10-22T00:00:00.000,2018-10-22T00:00:00.000,2018-10-22T00:00:00.000,23:56,2018-10-22T23:56:00.000,UTL,500 Block Of Brussels St,San Francisco,CA,Premise Address,Closed
2935417,161023113,500e,2016-04-11T00:00:00.000,2016-04-11T00:00:00.000,2016-04-11T00:00:00.000,18:02,2016-04-11T18:02:00.000,CIT,200 Block Of Apollo St,San Francisco,CA,Premise Address,Pending
772877,183221866,Vandalism,2018-11-18T00:00:00.000,2018-11-18T00:00:00.000,2018-11-18T00:00:00.000,14:47,2018-11-18T14:47:00.000,REP,200 Block Of 5th St,San Francisco,CA,Premise Address,Pending
304728,191682980,Traf Violation Cite,2019-06-17T00:00:00.000,2019-06-17T00:00:00.000,2019-06-17T00:00:00.000,16:51,2019-06-17T16:51:00.000,GOA,1600 Block Of 8th Av,San Francisco,CA,Premise Address,Closed
902568,182662136,Traf Violation Cite,2018-09-23T00:00:00.000,2018-09-23T00:00:00.000,2018-09-23T00:00:00.000,14:56,2018-09-23T14:56:00.000,GOA,3500 Block Of 19th St,San Francisco,CA,Premise Address,Pending
2447598,163122356,Vandalism,2016-11-07T00:00:00.000,2016-11-07T00:00:00.000,2016-11-07T00:00:00.000,14:56,2016-11-07T14:56:00.000,GOA,0 Block Of 14th St,San Francisco,CA,Premise Address,Pending
290009,191750649,Passing Call,2019-06-24T00:00:00.000,2019-06-24T00:00:00.000,2019-06-24T00:00:00.000,07:50,2019-06-24T07:50:00.000,HAN,100 Block Of Dore St,San Francisco,CA,Premise Address,Pending
2090746,171051459,Drugs,2017-04-15T00:00:00.000,2017-04-15T00:00:00.000,2017-04-15T00:00:00.000,11:35,2017-04-15T11:35:00.000,ADV,Willow St/van Ness Av,San Francisco,CA,Intersection,Pending
712985,183502391,Passing Call,2018-12-16T00:00:00.000,2018-12-16T00:00:00.000,2018-12-16T00:00:00.000,16:44,2018-12-16T16:44:00.000,Not recorded,3rd St/20th St,San Francisco,CA,Intersection,Pending
2340487,163612223,800,2016-12-26T00:00:00.000,2016-12-26T00:00:00.000,2016-12-26T00:00:00.000,17:51,2016-12-26T17:51:00.000,CAN,800 Block Of Van Ness Av,San Francisco,CA,Premise Address,Closed
530414,190710914,Arrest Made,2019-03-12T00:00:00.000,2019-03-12T00:00:00.000,2019-03-12T00:00:00.000,08:52,2019-03-12T08:52:00.000,REP,400 Block Of Geneva Av,San Francisco,CA,Common Location,Closed
2325525,170021595,Passing Call,2017-01-02T00:00:00.000,2017-01-02T00:00:00.000,2017-01-02T00:00:00.000,13:28,2017-01-02T13:28:00.000,Not recorded,Leavenworth St/jefferson St,San Francisco,CA,Intersection,Withdrawn
603371,190363731,Audible Alarm,2019-02-05T00:00:00.000,2019-02-05T00:00:00.000,2019-02-05T00:00:00.000,20:12,2019-02-05T20:12:00.000,PAS,900 Block Of Kearny St,San Francisco,CA,Premise Address,Withdrawn
1775355,172391377,"7,2,27",2017-08-27T00:00:00.000,2017-08-27T00:00:00.000,2017-08-27T00:00:00.000,11:24,2017-08-27T11:24:00.000,HAN,500 Block Of Broadway,San Francisco,CA,Premise Address,Pending
2125284,170902430,22500f,2017-03-31T00:00:00.000,2017-03-31T00:00:00.000,2017-03-31T00:00:00.000,15:16,2017-03-31T15:16:00.000,HAN,300 Block Of Dolores St,San Francisco,CA,Premise Address,Closed
2676160,162163121,Muni Inspection,2016-08-03T00:00:00.000,2016-08-03T00:00:00.000,2016-08-03T00:00:00.000,18:11,2016-08-03T18:11:00.000,Not recorded,3rd St/king St,San Francisco,CA,Intersection,Pending
2056481,171194050,Assault / Battery,2017-04-29T00:00:00.000,2017-04-29T00:00:00.000,2017-04-29T00:00:00.000,23:41,2017-04-29T23:41:00.000,REP,1700 Block Of Newcomb Av,San Francisco,CA,Premise Address,Closed
2480473,162982715,Passing Call,2016-10-24T00:00:00.000,2016-10-24T00:00:00.000,2016-10-24T00:00:00.000,16:16,2016-10-24T16:16:00.000,Not recorded,700 Block Of Stanyan St,San Francisco,CA,Common Location,Closed
417672,191190819,Suspicious Person,2019-04-29T00:00:00.000,2019-04-29T00:00:00.000,2019-04-29T00:00:00.000,08:16,2019-04-29T08:16:00.000,ADV,18th St/harrison St,San Francisco,CA,Intersection,Pending
2166071,170732288,Complaint Unkn,2017-03-14T00:00:00.000,2017-03-14T00:00:00.000,2017-03-14T00:00:00.000,13:44,2017-03-14T13:44:00.000,NOM,1300 Block Of Stockton St,San Francisco,CA,Premise Address,Pending
76780,192640209,I/p,2019-09-21T00:00:00.000,2019-09-21T00:00:00.000,2019-09-21T00:00:00.000,01:25,2019-09-21T01:25:00.000,HAN,200 Block Of Sanchez St,San Francisco,CA,Premise Address,Closed
2645916,162293962,22500e,2016-08-16T00:00:00.000,2016-08-16T00:00:00.000,2016-08-16T00:00:00.000,23:35,2016-08-16T23:35:00.000,GOA,1200 Block Of Palou Av,San Francisco,CA,Premise Address,Withdrawn
2017469,171362226,Passing Call,2017-05-16T00:00:00.000,2017-05-16T00:00:00.000,2017-05-16T00:00:00.000,13:28,2017-05-16T13:28:00.000,HAN,200 Block Of Turk St,San Francisco,CA,Premise Address,Closed
2306826,170112883,Homeless Complaint,2017-01-11T00:00:00.000,2017-01-11T00:00:00.000,2017-01-11T00:00:00.000,17:33,2017-01-11T17:33:00.000,Not recorded,500 Block Of 17th Av,San Francisco,CA,Premise Address,Closed
906346,182643937,Passing Call,2018-09-21T00:00:00.000,2018-09-21T00:00:00.000,2018-09-21T00:00:00.000,20:51,2018-09-21T20:51:00.000,Not recorded,0 Block Of United Nations Pz,San Francisco,CA,Common Location,Withdrawn
626701,190262541,Passing Call,2019-01-26T00:00:00.000,2019-01-26T00:00:00.000,2019-01-26T00:00:00.000,16:22,2019-01-26T16:22:00.000,HAN,100 Block Of 34th Av,San Francisco,CA,Common Location,Pending
2208509,170553029,Veh Accident,2017-02-24T00:00:00.000,2017-02-24T00:00:00.000,2017-02-24T00:00:00.000,17:26,2017-02-24T17:26:00.000,HAN,John F Kennedy Dr/8th Av,San Francisco,CA,Intersection,Closed
2459190,163072638,Homeless Complaint,2016-11-02T00:00:00.000,2016-11-02T00:00:00.000,2016-11-02T00:00:00.000,15:45,2016-11-02T15:45:00.000,HAN,200 Block Of Golden Gate Av,San Francisco,CA,Premise Address,Closed
89208,192584031,Suspicious Vehicle,2019-09-15T00:00:00.000,2019-09-15T00:00:00.000,2019-09-15T00:00:00.000,23:17,2019-09-15T23:17:00.000,HAN,Avalon Av/london St,San Francisco,CA,Intersection,Pending
1120420,181660721,Traf Violation Cite,2018-06-15T00:00:00.000,2018-06-15T00:00:00.000,2018-06-15T00:00:00.000,07:59,2018-06-15T07:59:00.000,CIT,400 Block Of Peru Av,San Francisco,CA,Premise Address,Closed
956057,182423748,Auto Boost / Strip,2018-08-30T00:00:00.000,2018-08-30T00:00:00.000,2018-08-30T00:00:00.000,20:50,2018-08-30T20:50:00.000,REP,100 Block Of Ofarrell St,San Francisco,CA,Premise Address,Pending
1269317,180992068,917,2018-04-09T00:00:00.000,2018-04-09T00:00:00.000,2018-04-09T00:00:00.000,13:48,2018-04-09T13:48:00.000,HAN,400 Block Of Buchanan St,San Francisco,CA,Premise Address,Closed
317114,191630266,Audible Alarm,2019-06-12T00:00:00.000,2019-06-12T00:00:00.000,2019-06-12T00:00:00.000,02:20,2019-06-12T02:20:00.000,PAS,300 Block Of Florida St,San Francisco,CA,Premise Address,Closed
613139,190321712,Trespasser,2019-02-01T00:00:00.000,2019-02-01T00:00:00.000,2019-02-01T00:00:00.000,12:12,2019-02-01T12:12:00.000,GOA,200 Block Of Powell St,San Francisco,CA,Premise Address,Closed
2904369,161152326,807 Poss,2016-04-24T00:00:00.000,2016-04-24T00:00:00.000,2016-04-24T00:00:00.000,16:08,2016-04-24T16:08:00.000,GOA,100 Block Of Norton St,San Francisco,CA,Premise Address,Withdrawn
1880975,171950634,Audible Alarm,2017-07-14T00:00:00.000,2017-07-14T00:00:00.000,2017-07-14T00:00:00.000,07:46,2017-07-14T07:46:00.000,NCR,500 Block Of Alabama St,San Francisco,CA,Premise Address,Pending
1885198,171931568,Passing Call,2017-07-12T00:00:00.000,2017-07-12T00:00:00.000,2017-07-12T00:00:00.000,11:13,2017-07-12T11:13:00.000,HAN,3200 Block Of California St,San Francisco,CA,Premise Address,Closed
2835022,161452162,Complaint Unkn,2016-05-24T00:00:00.000,2016-05-24T00:00:00.000,2016-05-24T00:00:00.000,14:22,2016-05-24T14:22:00.000,HAN,2000 Block Of The Embarcadero Nor,San Francisco,CA,Premise Address,Closed
252820,191910573,Sleeper,2019-07-10T00:00:00.000,2019-07-10T00:00:00.000,2019-07-10T00:00:00.000,06:19,2019-07-10T06:19:00.000,GOA,1500 Block Of Vallejo St,San Francisco,CA,Premise Address,Closed
1236725,181133275,Well Being Check,2018-04-23T00:00:00.000,2018-04-23T00:00:00.000,2018-04-23T00:00:00.000,18:32,2018-04-23T18:32:00.000,ND,Geary Bl/arguello Bl,San Francisco,CA,Intersection,Pending
1200559,181284393,Assault / Battery,2018-05-08T00:00:00.000,2018-05-08T00:00:00.000,2018-05-08T00:00:00.000,23:14,2018-05-08T23:14:00.000,UTL,400 Block Of Sutter St,San Francisco,CA,Premise Address,Pending
424845,191160253,Passing Call,2019-04-26T00:00:00.000,2019-04-26T00:00:00.000,2019-04-26T00:00:00.000,03:13,2019-04-26T03:13:00.000,HAN,Cole St/fell St,San Francisco,CA,Intersection,Pending
2726728,161923500,22500f,2016-07-10T00:00:00.000,2016-07-10T00:00:00.000,2016-07-10T00:00:00.000,22:54,2016-07-10T22:54:00.000,CIT,900 Block Of Moultrie St,San Francisco,CA,Premise Address,Pending
1316869,180771912,Veh Accident,2018-03-18T00:00:00.000,2018-03-18T00:00:00.000,2018-03-18T00:00:00.000,14:09,2018-03-18T14:09:00.000,HAN,200 Block Of Sawyer St,San Francisco,CA,Premise Address,Pending
560990,190562739,Muni Inspection,2019-02-25T00:00:00.000,2019-02-25T00:00:00.000,2019-02-25T00:00:00.000,17:02,2019-02-25T17:02:00.000,ND,900 Block Of Market St,San Francisco,CA,Common Location,Closed
1008077,182200092,Auto Boost / Strip,2018-08-08T00:00:00.000,2018-08-08T00:00:00.000,2018-08-08T00:00:00.000,00:42,2018-08-08T00:42:00.000,REP,Grant Av/north Point St,San Francisco,CA,Intersection,Closed
2436811,163170688,Poss/aggressive,2016-11-12T00:00:00.000,2016-11-12T00:00:00.000,2016-11-12T00:00:00.000,06:15,2016-11-12T06:15:00.000,GOA,Geary Bl/masonic Av,San Francisco,CA,Intersection,Pending
753739,183320272,A,2018-11-28T00:00:00.000,2018-11-28T00:00:00.000,2018-11-28T00:00:00.000,03:16,2018-11-28T03:16:00.000,PAS,100 Block Of California St,San Francisco,CA,Premise Address,Closed
303452,191691083,Poss,2019-06-18T00:00:00.000,2019-06-18T00:00:00.000,2019-06-18T00:00:00.000,08:58,2019-06-18T08:58:00.000,NOM,200 Block Of Clara St,San Francisco,CA,Premise Address,Pending
2860731,161341549,Ip,2016-05-13T00:00:00.000,2016-05-13T00:00:00.000,2016-05-13T00:00:00.000,12:02,2016-05-13T12:02:00.000,HAN,100 Block Of Jennings Ct,San Francisco,CA,Premise Address,Pending
1468758,180090508,Indecent Exposure,2018-01-09T00:00:00.000,2018-01-09T00:00:00.000,2018-01-09T00:00:00.000,06:15,2018-01-09T06:15:00.000,GOA,100 Block Of Stevenson St,San Francisco,CA,Premise Address,Withdrawn
564943,190542830,Suspicious Vehicle,2019-02-23T00:00:00.000,2019-02-23T00:00:00.000,2019-02-23T00:00:00.000,18:48,2019-02-23T18:48:00.000,ND,Lombard St/octavia St,San Francisco,CA,Intersection,Closed
2723085,161942718,Suspicious Person,2016-07-12T00:00:00.000,2016-07-12T00:00:00.000,2016-07-12T00:00:00.000,17:28,2016-07-12T17:28:00.000,ADV,Bay St/taylor St,San Francisco,CA,Intersection,Closed
948241,182462626,22500e,2018-09-03T00:00:00.000,2018-09-03T00:00:00.000,2018-09-03T00:00:00.000,17:47,2018-09-03T17:47:00.000,GOA,400 Block Of 5th Av,San Francisco,CA,Premise Address,Closed
2664569,162213170,22500e,2016-08-08T00:00:00.000,2016-08-08T00:00:00.000,2016-08-08T00:00:00.000,19:53,2016-08-08T19:53:00.000,CAN,1900 Block Of Stockton St,San Francisco,CA,Premise Address,Pending
2186119,170650115,Suspicious Vehicle,2017-03-06T00:00:00.000,2017-03-06T00:00:00.000,2017-03-06T00:00:00.000,01:14,2017-03-06T01:14:00.000,GOA,100 Block Of Canyon Dr,San Francisco,CA,Premise Address,Closed
2675269,162170541,Audible Alarm,2016-08-04T00:00:00.000,2016-08-04T00:00:00.000,2016-08-04T00:00:00.000,07:10,2016-08-04T07:10:00.000,22,300 Block Of Chestnut St,San Francisco,CA,Premise Address,Withdrawn
1904353,171850685,Homeless Complaint,2017-07-04T00:00:00.000,2017-07-04T00:00:00.000,2017-07-04T00:00:00.000,08:03,2017-07-04T08:03:00.000,ADV,Market St/castro St,San Francisco,CA,Intersection,Pending
913635,182614288,Well Being Check,2018-09-18T00:00:00.000,2018-09-18T00:00:00.000,2018-09-18T00:00:00.000,23:38,2018-09-18T23:38:00.000,REP,500 Block Of 3rd St,San Francisco,CA,Premise Address,Closed
862713,182831804,Poss,2018-10-10T00:00:00.000,2018-10-10T00:00:00.000,2018-10-10T00:00:00.000,11:45,2018-10-10T11:45:00.000,NOM,Cambon Dr/castelo Av,San Francisco,CA,Intersection,Closed
1703442,172692176,Homeless Complaint,2017-09-26T00:00:00.000,2017-09-26T00:00:00.000,2017-09-26T00:00:00.000,13:38,2017-09-26T13:38:00.000,ND,1100 Blk Ofarrell St,San Francisco,CA,Geo-Override,Closed
1412233,180340117,Suicide Attempt,2018-02-03T00:00:00.000,2018-02-03T00:00:00.000,2018-02-03T00:00:00.000,00:37,2018-02-03T00:37:00.000,HAN,600 Block Of 25th St,San Francisco,CA,Premise Address,Withdrawn
608586,190341746,Traffic Stop,2019-02-03T00:00:00.000,2019-02-03T00:00:00.000,2019-02-03T00:00:00.000,13:16,2019-02-03T13:16:00.000,ND,Oak St/lyon St,San Francisco,CA,Intersection,Closed
1694071,172730952,Bicycle,2017-09-30T00:00:00.000,2017-09-30T00:00:00.000,2017-09-30T00:00:00.000,08:57,2017-09-30T08:57:00.000,ND,Fulton St/masonic Av,San Francisco,CA,Intersection,Pending
181961,192210278,Poss 245 Attempt,2019-08-09T00:00:00.000,2019-08-09T00:00:00.000,2019-08-09T00:00:00.000,03:06,2019-08-09T03:06:00.000,GOA,1100 Block Of Post St,San Francisco,CA,Premise Address,Pending
3800,192941930,Noise Nuisance,2019-10-21T00:00:00.000,2019-10-21T00:00:00.000,2019-10-21T00:00:00.000,12:41,2019-10-21T12:41:00.000,UTL,600 Block Of Olmstead St,San Francisco,CA,Premise Address,Pending
746650,183350781,22500e,2018-12-01T00:00:00.000,2018-12-01T00:00:00.000,2018-12-01T00:00:00.000,08:09,2018-12-01T08:09:00.000,CIT,2500 Block Of 22nd Av,San Francisco,CA,Premise Address,Closed
1506956,173553005,Traffic Stop,2017-12-21T00:00:00.000,2017-12-21T00:00:00.000,2017-12-21T00:00:00.000,17:30,2017-12-21T17:30:00.000,CIT,2nd St/bryant St,San Francisco,CA,Intersection,Pending
1630512,173010309,Passing Call,2017-10-28T00:00:00.000,2017-10-28T00:00:00.000,2017-10-28T00:00:00.000,01:42,2017-10-28T01:42:00.000,HAN,23rd St/minnesota St,San Francisco,CA,Intersection,Pending
529606,190712532,Traffic Stop,2019-03-12T00:00:00.000,2019-03-12T00:00:00.000,2019-03-12T00:00:00.000,15:35,2019-03-12T15:35:00.000,CIT,Townsend St/5th St,San Francisco,CA,Intersection,Pending
1255861,181051919,Audible Alarm,2018-04-15T00:00:00.000,2018-04-15T00:00:00.000,2018-04-15T00:00:00.000,14:07,2018-04-15T14:07:00.000,NCR,400 Block Of Gough St,San Francisco,CA,Premise Address,Closed
1734395,172563644,911 Drop,2017-09-13T00:00:00.000,2017-09-13T00:00:00.000,2017-09-13T00:00:00.000,19:15,2017-09-13T19:15:00.000,HAN,100 Block Of Wisconsin St,San Francisco,CA,Premise Address,Closed
722282,183460667,Traf Violation Cite,2018-12-12T00:00:00.000,2018-12-12T00:00:00.000,2018-12-12T00:00:00.000,07:57,2018-12-12T07:57:00.000,GOA,700 Block Of Brannan St,San Francisco,CA,Premise Address,Pending
2212069,170540989,Veh,2017-02-23T00:00:00.000,2017-02-23T00:00:00.000,2017-02-23T00:00:00.000,09:14,2017-02-23T09:14:00.000,REP,2700 Block Of Bayshore Bl,Daly City,CA,Premise Address,Pending
1720185,172622240,222 Poss,2017-09-19T00:00:00.000,2017-09-19T00:00:00.000,2017-09-19T00:00:00.000,14:31,2017-09-19T14:31:00.000,GOA,3400 Block Of Mission St,San Francisco,CA,Premise Address,Closed
1113311,181693946,Passing Call,2018-06-18T00:00:00.000,2018-06-18T00:00:00.000,2018-06-18T00:00:00.000,23:42,2018-06-18T23:42:00.000,HAN,600 Block Of Buena Vista Av W,San Francisco,CA,Common Location,Withdrawn
730937,183421003,Homeless Complaint,2018-12-08T00:00:00.000,2018-12-08T00:00:00.000,2018-12-08T00:00:00.000,09:31,2018-12-08T09:31:00.000,HAN,Olive St/franklin St,San Francisco,CA,Intersection,Closed
2776221,161710682,Suspicious Person,2016-06-19T00:00:00.000,2016-06-19T00:00:00.000,2016-06-19T00:00:00.000,06:45,2016-06-19T06:45:00.000,HAN,Keith St/le Conte Av,San Francisco,CA,Intersection,Pending
2415621,163262475,Traffic Stop,2016-11-21T00:00:00.000,2016-11-21T00:00:00.000,2016-11-21T00:00:00.000,15:36,2016-11-21T15:36:00.000,CIT,Castro St/19th St,San Francisco,CA,Intersection,Pending
2338572,163622570,Passing Call,2016-12-27T00:00:00.000,2016-12-27T00:00:00.000,2016-12-27T00:00:00.000,17:20,2016-12-27T17:20:00.000,HAN,San Bruno Av/bacon St,San Francisco,CA,Intersection,Pending
1532508,173442001,Suspicious Person,2017-12-10T00:00:00.000,2017-12-10T00:00:00.000,2017-12-10T00:00:00.000,13:51,2017-12-10T13:51:00.000,HAN,Clarion Al/mission St,San Francisco,CA,Intersection,Closed
2607485,162460632,Passing Call,2016-09-02T00:00:00.000,2016-09-02T00:00:00.000,2016-09-02T00:00:00.000,07:08,2016-09-02T07:08:00.000,HAN,0 Block Of United Nations Pz,San Francisco,CA,Common Location,Closed
2849748,161384433,Auto Boost / Strip,2016-05-17T00:00:00.000,2016-05-17T00:00:00.000,2016-05-17T00:00:00.000,22:26,2016-05-17T22:26:00.000,REP,Capp St/19th St,San Francisco,CA,Intersection,Closed
1746667,172512400,Traffic Stop,2017-09-08T00:00:00.000,2017-09-08T00:00:00.000,2017-09-08T00:00:00.000,14:44,2017-09-08T14:44:00.000,HAN,Buchanan St/beach St,San Francisco,CA,Intersection,Closed
197012,192143332,Traffic Stop,2019-08-02T00:00:00.000,2019-08-02T00:00:00.000,2019-08-02T00:00:00.000,18:39,2019-08-02T18:39:00.000,ND,Avenue H/8th St,Treasure Isla,CA,Intersection,Pending
2004308,171413841,Noise Nuisance,2017-05-21T00:00:00.000,2017-05-21T00:00:00.000,2017-05-21T00:00:00.000,22:29,2017-05-21T22:29:00.000,HAN,200 Block Of Eddy St #602,San Francisco,CA,Common Location,Closed
2486450,162954220,Trespasser,2016-10-21T00:00:00.000,2016-10-21T00:00:00.000,2016-10-21T00:00:00.000,23:15,2016-10-21T23:15:00.000,CAN,100 Block Of 6th St,San Francisco,CA,Premise Address,Closed
615713,190311283,Passing Call,2019-01-31T00:00:00.000,2019-01-31T00:00:00.000,2019-01-31T00:00:00.000,10:25,2019-01-31T10:25:00.000,Not recorded,1300 Blk Market St,San Francisco,CA,Geo-Override,Pending
2349194,163564310,Male,2016-12-21T00:00:00.000,2016-12-21T00:00:00.000,2016-12-21T00:00:00.000,23:55,2016-12-21T23:55:00.000,NOM,700 Block Of Eddy St #425,San Francisco,CA,Common Location,Pending
246841,191932013,Muni Inspection,2019-07-12T00:00:00.000,2019-07-12T00:00:00.000,2019-07-12T00:00:00.000,13:26,2019-07-12T13:26:00.000,Not recorded,0 Block Of Powell St,San Francisco,CA,Common Location,Pending
823096,183003341,Ip,2018-10-27T00:00:00.000,2018-10-27T00:00:00.000,2018-10-27T00:00:00.000,19:37,2018-10-27T19:37:00.000,REP,California St/steiner St,San Francisco,CA,Intersection,Pending
2370354,163472483,Poss,2016-12-12T00:00:00.000,2016-12-12T00:00:00.000,2016-12-12T00:00:00.000,14:59,2016-12-12T14:59:00.000,Not recorded,Geary Bl/20th Av,San Francisco,CA,Intersection,Pending
1487218,173652551,Passing Call,2017-12-31T00:00:00.000,2017-12-31T00:00:00.000,2017-12-31T00:00:00.000,17:47,2017-12-31T17:47:00.000,HAN,300 Block Of Geary St,San Francisco,CA,Common Location,Closed
119118,192470073,Audible Alarm,2019-09-04T00:00:00.000,2019-09-04T00:00:00.000,2019-09-04T00:00:00.000,00:36,2019-09-04T00:36:00.000,CAN,200 Block Of King St,San Francisco,CA,Premise Address,Closed
125466,192441108,487,2019-09-01T00:00:00.000,2019-09-01T00:00:00.000,2019-09-01T00:00:00.000,10:06,2019-09-01T10:06:00.000,HAN,2800 Block Of Sloat Bl,San Francisco,CA,Premise Address,Withdrawn
6942,192924048,Traffic Stop,2019-10-19T00:00:00.000,2019-10-19T00:00:00.000,2019-10-19T00:00:00.000,23:08,2019-10-19T23:08:00.000,ARR,Webster St/turk St,San Francisco,CA,Intersection,Closed
1376714,180500458,Passing Call,2018-02-19T00:00:00.000,2018-02-19T00:00:00.000,2018-02-19T00:00:00.000,05:52,2018-02-19T05:52:00.000,ADV,Tennessee St/cesar Chavez St,San Francisco,CA,Intersection,Pending
221605,192041310,Noise Nuisance,2019-07-23T00:00:00.000,2019-07-23T00:00:00.000,2019-07-23T00:00:00.000,10:16,2019-07-23T10:16:00.000,ND,500 Block Of Pennsylvania Av,San Francisco,CA,Premise Address,Pending
1373613,180512371,Suspicious Vehicle,2018-02-20T00:00:00.000,2018-02-20T00:00:00.000,2018-02-20T00:00:00.000,15:02,2018-02-20T15:02:00.000,HAN,Eddy St/gough St,San Francisco,CA,Intersection,Pending
1868409,172002662,Suspicious Vehicle,2017-07-19T00:00:00.000,2017-07-19T00:00:00.000,2017-07-19T00:00:00.000,16:15,2017-07-19T16:15:00.000,HAN,Utah St/17th St,San Francisco,CA,Intersection,Pending
894956,182694059,Well Being Check,2018-09-26T00:00:00.000,2018-09-26T00:00:00.000,2018-09-26T00:00:00.000,21:09,2018-09-26T21:09:00.000,UTL,17th St/castro St,San Francisco,CA,Intersection,Pending
548989,190620931,601,2019-03-03T00:00:00.000,2019-03-03T00:00:00.000,2019-03-03T00:00:00.000,09:05,2019-03-03T09:05:00.000,HAN,900 Block Of Brannan St,San Francisco,CA,Premise Address,Withdrawn
212397,192081054,Homeless Complaint,2019-07-27T00:00:00.000,2019-07-27T00:00:00.000,2019-07-27T00:00:00.000,09:38,2019-07-27T09:38:00.000,GOA,500 Block Of Dolores St,San Francisco,CA,Premise Address,Closed
1167634,181433184,Mentally Disturbed,2018-05-23T00:00:00.000,2018-05-23T00:00:00.000,2018-05-23T00:00:00.000,18:06,2018-05-23T18:06:00.000,UTL,Montgomery St/broadway,San Francisco,CA,Intersection,Closed
156018,192313314,Meet W/citizen,2019-08-19T00:00:00.000,2019-08-19T00:00:00.000,2019-08-19T00:00:00.000,17:41,2019-08-19T17:41:00.000,SFD,Eddy St/cyril Magnin St,San Francisco,CA,Intersection,Withdrawn
931239,182541853,518,2018-09-11T00:00:00.000,2018-09-11T00:00:00.000,2018-09-11T00:00:00.000,12:35,2018-09-11T12:35:00.000,HAN,Cabrillo St/25th Av,San Francisco,CA,Intersection,Closed
1012852,182172713,601,2018-08-05T00:00:00.000,2018-08-05T00:00:00.000,2018-08-05T00:00:00.000,18:16,2018-08-05T18:16:00.000,ADV,4000 Block Of 24th St,San Francisco,CA,Premise Address,Pending
2263950,170311278,Homeless Complaint,2017-01-31T00:00:00.000,2017-01-31T00:00:00.000,2017-01-31T00:00:00.000,10:43,2017-01-31T10:43:00.000,HAN,Belvedere St/haight St,San Francisco,CA,Intersection,Pending
1736900,172553560,22500f,2017-09-12T00:00:00.000,2017-09-12T00:00:00.000,2017-09-12T00:00:00.000,18:36,2017-09-12T18:36:00.000,CIT,1900 Block Of Fulton St,San Francisco,CA,Premise Address,Closed
540782,190661754,Traf Violation Tow,2019-03-07T00:00:00.000,2019-03-07T00:00:00.000,2019-03-07T00:00:00.000,12:06,2019-03-07T12:06:00.000,GOA,200 Block Of Moulton St,San Francisco,CA,Premise Address,Withdrawn
1173390,181410077,Passing Call,2018-05-21T00:00:00.000,2018-05-21T00:00:00.000,2018-05-21T00:00:00.000,00:47,2018-05-21T00:47:00.000,HAN,0 Block Of Joice St,San Francisco,CA,Premise Address,Closed
1989582,171473148,Muni Inspection,2017-05-27T00:00:00.000,2017-05-27T00:00:00.000,2017-05-27T00:00:00.000,18:22,2017-05-27T18:22:00.000,HAN,Fillmore St/sutter St,San Francisco,CA,Intersection,Closed
757725,183300411,Passing Call,2018-11-26T00:00:00.000,2018-11-26T00:00:00.000,2018-11-26T00:00:00.000,05:52,2018-11-26T05:52:00.000,HAN,Dore St/bryant St,San Francisco,CA,Intersection,Closed
1254330,181061040,500e/rz,2018-04-16T00:00:00.000,2018-04-16T00:00:00.000,2018-04-16T00:00:00.000,09:28,2018-04-16T09:28:00.000,GOA,2100 Block Of Pacific Av,San Francisco,CA,Premise Address,Pending
1389414,180441501,Noise Nuisance,2018-02-13T00:00:00.000,2018-02-13T00:00:00.000,2018-02-13T00:00:00.000,11:42,2018-02-13T11:42:00.000,UTL,800 Block Of Harrison St,San Francisco,CA,Premise Address,Pending
1418440,180311775,500e,2018-01-31T00:00:00.000,2018-01-31T00:00:00.000,2018-01-31T00:00:00.000,12:32,2018-01-31T12:32:00.000,GOA,1100 Block Of Clay St,San Francisco,CA,Premise Address,Closed
975732,182341847,Noise Nuisance,2018-08-22T00:00:00.000,2018-08-22T00:00:00.000,2018-08-22T00:00:00.000,12:05,2018-08-22T12:05:00.000,GOA,0 Block Of Battery St,San Francisco,CA,Premise Address,Closed
449664,191052801,Traffic Stop,2019-04-15T00:00:00.000,2019-04-15T00:00:00.000,2019-04-15T00:00:00.000,16:30,2019-04-15T16:30:00.000,CIT,3rd St/south Park St,San Francisco,CA,Intersection,Pending
2871264,161292482,Aggressive,2016-05-08T00:00:00.000,2016-05-08T00:00:00.000,2016-05-08T00:00:00.000,17:17,2016-05-08T17:17:00.000,HAN,3700 Block Of Washington St,San Francisco,CA,Premise Address,Pending
1616331,173070677,Muni Inspection,2017-11-03T00:00:00.000,2017-11-03T00:00:00.000,2017-11-03T00:00:00.000,07:45,2017-11-03T07:45:00.000,HAN,San Bruno Av/thornton Av,San Francisco,CA,Intersection,Pending
1827419,172174190,Noise Nuisance,2017-08-05T00:00:00.000,2017-08-05T00:00:00.000,2017-08-05T00:00:00.000,23:42,2017-08-05T23:42:00.000,UTL,41st Av/pacheco St,San Francisco,CA,Intersection,Closed
811404,183051963,Passing Call,2018-11-01T00:00:00.000,2018-11-01T00:00:00.000,2018-11-01T00:00:00.000,12:29,2018-11-01T12:29:00.000,HAN,700 Block Of Avenue Of The Palms,Treasure Isla,CA,Premise Address,Pending
2601051,162483403,912/poss 800,2016-09-04T00:00:00.000,2016-09-04T00:00:00.000,2016-09-04T00:00:00.000,21:36,2016-09-04T21:36:00.000,GOA,1600 Block Of Hyde St,San Francisco,CA,Premise Address,Withdrawn
1020685,182140444,Sleeper,2018-08-02T00:00:00.000,2018-08-02T00:00:00.000,2018-08-02T00:00:00.000,06:29,2018-08-02T06:29:00.000,HAN,1500 Block Of Dolores St,San Francisco,CA,Premise Address,Pending
1683730,172773025,Passing Call,2017-10-04T00:00:00.000,2017-10-04T00:00:00.000,2017-10-04T00:00:00.000,17:07,2017-10-04T17:07:00.000,HAN,600 Block Of Market St,San Francisco,CA,Common Location,Closed
684219,183650631,Audible Alarm,2018-12-31T00:00:00.000,2018-12-31T00:00:00.000,2018-12-31T00:00:00.000,07:51,2018-12-31T07:51:00.000,NOM,0 Block Of Encline Ct,San Francisco,CA,Premise Address,Closed
1982817,171502739,22500e,2017-05-30T00:00:00.000,2017-05-30T00:00:00.000,2017-05-30T00:00:00.000,16:43,2017-05-30T16:43:00.000,GOA,2600 Block Of Folsom St,San Francisco,CA,Premise Address,Pending
515907,190771637,22500e,2019-03-18T00:00:00.000,2019-03-18T00:00:00.000,2019-03-18T00:00:00.000,11:40,2019-03-18T11:40:00.000,GOA,2800 Block Of Laguna St,San Francisco,CA,Premise Address,Pending
309903,191660888,Suspicious Person,2019-06-15T00:00:00.000,2019-06-15T00:00:00.000,2019-06-15T00:00:00.000,09:14,2019-06-15T09:14:00.000,ADV,Stevenson St/7th St,San Francisco,CA,Intersection,Pending
2607176,162461167,Traffic Stop,2016-09-02T00:00:00.000,2016-09-02T00:00:00.000,2016-09-02T00:00:00.000,10:00,2016-09-02T10:00:00.000,CIT,Grafton Av/capitol Av,San Francisco,CA,Intersection,Closed
1384740,180461893,Assault / Battery,2018-02-15T00:00:00.000,2018-02-15T00:00:00.000,2018-02-15T00:00:00.000,12:38,2018-02-15T12:38:00.000,HAN,1300 Block Of Howard St,San Francisco,CA,Premise Address,Withdrawn
701015,183560515,Suicide Attempt,2018-12-22T00:00:00.000,2018-12-22T00:00:00.000,2018-12-22T00:00:00.000,05:24,2018-12-22T05:24:00.000,HAN,300 Block Of Berry St,San Francisco,CA,Premise Address,Closed
345714,191503171,Complaint Unkn,2019-05-30T00:00:00.000,2019-05-30T00:00:00.000,2019-05-30T00:00:00.000,17:36,2019-05-30T17:36:00.000,NOM,1900 Block Of Fillmore St,San Francisco,CA,Premise Address,Pending
2443250,163141883,Petty Theft,2016-11-09T00:00:00.000,2016-11-09T00:00:00.000,2016-11-09T00:00:00.000,12:26,2016-11-09T12:26:00.000,REP,1225 Northpoint Ave,,CA,Geo-Override,Closed
463279,190993582,22500e,2019-04-09T00:00:00.000,2019-04-09T00:00:00.000,2019-04-09T00:00:00.000,19:25,2019-04-09T19:25:00.000,NOM,2700 Block Of 24th St,San Francisco,CA,Premise Address,Closed
259912,191880718,Traffic Stop,2019-07-07T00:00:00.000,2019-07-07T00:00:00.000,2019-07-07T00:00:00.000,07:44,2019-07-07T07:44:00.000,CIT,20th St/eureka St,San Francisco,CA,Intersection,Pending
161914,192291066,Passing Call,2019-08-17T00:00:00.000,2019-08-17T00:00:00.000,2019-08-17T00:00:00.000,09:25,2019-08-17T09:25:00.000,Not recorded,0 Blk Stillman St,San Francisco,CA,Geo-Override,Closed
2674587,162171795,Burglary,2016-08-04T00:00:00.000,2016-08-04T00:00:00.000,2016-08-04T00:00:00.000,13:23,2016-08-04T13:23:00.000,REP,1800 Block Of Sunnydale Av,San Francisco,CA,Premise Address,Closed
1909629,171822978,Passing Call,2017-07-01T00:00:00.000,2017-07-01T00:00:00.000,2017-07-01T00:00:00.000,18:44,2017-07-01T18:44:00.000,HAN,Glenbrook Av/palo Alto Av,San Francisco,CA,Intersection,Pending
1759921,172460021,488,2017-09-03T00:00:00.000,2017-09-03T00:00:00.000,2017-09-03T00:00:00.000,00:02,2017-09-03T00:02:00.000,UTL,1600 Block Of Bryant St,San Francisco,CA,Common Location,Closed
727995,183432247,Suspicious Person,2018-12-09T00:00:00.000,2018-12-09T00:00:00.000,2018-12-09T00:00:00.000,15:37,2018-12-09T15:37:00.000,Not recorded,300 Block Of Jones St,San Francisco,CA,Premise Address,Closed
2539087,162741239,Dw,2016-09-30T00:00:00.000,2016-09-30T00:00:00.000,2016-09-30T00:00:00.000,10:14,2016-09-30T10:14:00.000,GOA,1000 Block Of Bush St,San Francisco,CA,Premise Address,Closed
2784765,161672392,Arrest Made,2016-06-15T00:00:00.000,2016-06-15T00:00:00.000,2016-06-15T00:00:00.000,15:12,2016-06-15T15:12:00.000,HAN,Mason St/eddy St,San Francisco,CA,Intersection,Closed
2591977,162522866,Audible Alarm,2016-09-08T00:00:00.000,2016-09-08T00:00:00.000,2016-09-08T00:00:00.000,16:28,2016-09-08T16:28:00.000,PAS,100 Block Of Ina Ct,San Francisco,CA,Premise Address,Closed
2260827,170322890,Meet W/citizen,2017-02-01T00:00:00.000,2017-02-01T00:00:00.000,2017-02-01T00:00:00.000,16:48,2017-02-01T16:48:00.000,REP,1100 Block Of Ocean Av,San Francisco,CA,Common Location,Closed
2327292,170012511,Traffic Stop,2017-01-01T00:00:00.000,2017-01-01T00:00:00.000,2017-01-01T00:00:00.000,15:02,2017-01-01T15:02:00.000,CIT,Dolores St/30th St,San Francisco,CA,Intersection,Pending
951005,182451178,Passing Call,2018-09-02T00:00:00.000,2018-09-02T00:00:00.000,2018-09-02T00:00:00.000,10:47,2018-09-02T10:47:00.000,HAN,1000 Block Of Pacific Av,San Francisco,CA,Premise Address,Pending
2360838,163512981,22500e,2016-12-16T00:00:00.000,2016-12-16T00:00:00.000,2016-12-16T00:00:00.000,18:06,2016-12-16T18:06:00.000,CAN,500 Block Of 27th Av,San Francisco,CA,Premise Address,Withdrawn
1329898,180711885,Suspicious Person,2018-03-12T00:00:00.000,2018-03-12T00:00:00.000,2018-03-12T00:00:00.000,13:13,2018-03-12T13:13:00.000,ADV,400 Block Of Sutter St,San Francisco,CA,Premise Address,Pending
2567044,162623753,Passing Call,2016-09-18T00:00:00.000,2016-09-18T00:00:00.000,2016-09-18T00:00:00.000,22:30,2016-09-18T22:30:00.000,Not recorded,20th St/capp St,San Francisco,CA,Intersection,Pending
1498263,173601361,Needles,2017-12-26T00:00:00.000,2017-12-26T00:00:00.000,2017-12-26T00:00:00.000,12:09,2017-12-26T12:09:00.000,ADV,0 Block Of Jose Sarria Ct,San Francisco,CA,Common Location,Closed
1887426,171921594,22500f,2017-07-11T00:00:00.000,2017-07-11T00:00:00.000,2017-07-11T00:00:00.000,12:03,2017-07-11T12:03:00.000,GOA,200 Block Of Sagamore St,San Francisco,CA,Premise Address,Pending
2424475,163222863,22500e,2016-11-17T00:00:00.000,2016-11-17T00:00:00.000,2016-11-17T00:00:00.000,16:10,2016-11-17T16:10:00.000,CIT,0 Block Of Scott St,San Francisco,CA,Premise Address,Closed
2461651,163062641,Fraud,2016-11-01T00:00:00.000,2016-11-01T00:00:00.000,2016-11-01T00:00:00.000,15:24,2016-11-01T15:24:00.000,REP,2100 Block Of Jackson St,San Francisco,CA,Premise Address,Closed
2657916,162242989,22500e,2016-08-11T00:00:00.000,2016-08-11T00:00:00.000,2016-08-11T00:00:00.000,17:21,2016-08-11T17:21:00.000,CIT,1200 Block Of Union St,San Francisco,CA,Premise Address,Pending
1440245,180212688,22500e,2018-01-21T00:00:00.000,2018-01-21T00:00:00.000,2018-01-21T00:00:00.000,18:10,2018-01-21T18:10:00.000,HAN,1300 Block Of Church St,San Francisco,CA,Premise Address,Closed
110523,192502211,Suspicious Vehicle,2019-09-07T00:00:00.000,2019-09-07T00:00:00.000,2019-09-07T00:00:00.000,14:03,2019-09-07T14:03:00.000,HAN,700 Block Of Point Lobos Av,San Francisco,CA,Common Location,Pending
2185409,170651368,Rep,2017-03-06T00:00:00.000,2017-03-06T00:00:00.000,2017-03-06T00:00:00.000,10:40,2017-03-06T10:40:00.000,HAN,0 Block Of Essex St,San Francisco,CA,Premise Address,Pending
2646013,162293805,Traffic Stop,2016-08-16T00:00:00.000,2016-08-16T00:00:00.000,2016-08-16T00:00:00.000,22:36,2016-08-16T22:36:00.000,CIT,16th St/mission St,San Francisco,CA,Intersection,Closed
2386517,163400443,Static,2016-12-05T00:00:00.000,2016-12-05T00:00:00.000,2016-12-05T00:00:00.000,05:52,2016-12-05T05:52:00.000,GOA,0 Block Of Capra Wy,San Francisco,CA,Premise Address,Pending
2079374,171101277,Fight No Weapon,2017-04-20T00:00:00.000,2017-04-20T00:00:00.000,2017-04-20T00:00:00.000,10:23,2017-04-20T10:23:00.000,HAN,Cabrillo St/47th Av,San Francisco,CA,Intersection,Withdrawn
96642,192554420,Passing Call,2019-09-12T00:00:00.000,2019-09-12T00:00:00.000,2019-09-12T00:00:00.000,21:27,2019-09-12T21:27:00.000,HAN,100 Block Of John F Kennedy Dr,San Francisco,CA,Common Location,Pending
743227,183362690,Poss,2018-12-02T00:00:00.000,2018-12-02T00:00:00.000,2018-12-02T00:00:00.000,17:00,2018-12-02T17:00:00.000,NOM,1800 Block Of Yosemite Av,San Francisco,CA,Premise Address,Closed
566384,190540266,Noise Nuisance,2019-02-23T00:00:00.000,2019-02-23T00:00:00.000,2019-02-23T00:00:00.000,02:20,2019-02-23T02:20:00.000,ADV,1200 Block Of Buchanan St,San Francisco,CA,Premise Address,Closed
2741002,161860984,Aamplified Msc,2016-07-04T00:00:00.000,2016-07-04T00:00:00.000,2016-07-04T00:00:00.000,10:09,2016-07-04T10:09:00.000,HAN,0 Block Of Yerba Buena Ln,San Francisco,CA,Premise Address,Closed
1084459,181833763,Fight No Weapon,2018-07-02T00:00:00.000,2018-07-02T00:00:00.000,2018-07-02T00:00:00.000,23:22,2018-07-02T23:22:00.000,ABA,1800 Block Of Haight St,San Francisco,CA,Premise Address,Pending
1815525,172223908,Passing Call,2017-08-10T00:00:00.000,2017-08-10T00:00:00.000,2017-08-10T00:00:00.000,20:05,2017-08-10T20:05:00.000,HAN,Gg Park,,CA,Geo-Override,Withdrawn
1012536,182173343,Fight No Weapon,2018-08-05T00:00:00.000,2018-08-05T00:00:00.000,2018-08-05T00:00:00.000,21:41,2018-08-05T21:41:00.000,HAN,4200 Block Of 17th St,San Francisco,CA,Premise Address,Pending
2016314,171364145,Suicide Attempt,2017-05-16T00:00:00.000,2017-05-16T00:00:00.000,2017-05-16T00:00:00.000,20:44,2017-05-16T20:44:00.000,HAN,100 Block Of Powell St,San Francisco,CA,Premise Address,Pending
1934182,171713752,Poss,2017-06-20T00:00:00.000,2017-06-20T00:00:00.000,2017-06-20T00:00:00.000,20:35,2017-06-20T20:35:00.000,ADV,400 Block Of 4th St,San Francisco,CA,Common Location,Pending
178583,192221964,Drugs,2019-08-10T00:00:00.000,2019-08-10T00:00:00.000,2019-08-10T00:00:00.000,13:02,2019-08-10T13:02:00.000,GOA,600 Block Of South Van Ness Av,San Francisco,CA,Premise Address,Closed
2696861,162063345,Passing Call,2016-07-24T00:00:00.000,2016-07-24T00:00:00.000,2016-07-24T00:00:00.000,22:47,2016-07-24T22:47:00.000,HAN,100 Block Of Scott St,San Francisco,CA,Common Location,Closed
1312724,180791626,Threats / Harassment,2018-03-20T00:00:00.000,2018-03-20T00:00:00.000,2018-03-20T00:00:00.000,12:01,2018-03-20T12:01:00.000,GOA,1400 Block Of Vallejo St,San Francisco,CA,Premise Address,Pending
1306701,180821266,Passing Call,2018-03-23T00:00:00.000,2018-03-23T00:00:00.000,2018-03-23T00:00:00.000,10:03,2018-03-23T10:03:00.000,Not recorded,500 Blk Castro St,San Francisco,CA,Geo-Override,Closed
2025416,171330201,Suspicious Vehicle,2017-05-13T00:00:00.000,2017-05-13T00:00:00.000,2017-05-13T00:00:00.000,01:32,2017-05-13T01:32:00.000,ADV,20th St/capp St,San Francisco,CA,Intersection,Withdrawn
188792,192180763,Trespasser,2019-08-06T00:00:00.000,2019-08-06T00:00:00.000,2019-08-06T00:00:00.000,08:18,2019-08-06T08:18:00.000,GOA,400 Block Of Golden Gate Av,San Francisco,CA,Premise Address,Closed
1313185,180790607,Homeless Complaint,2018-03-20T00:00:00.000,2018-03-20T00:00:00.000,2018-03-20T00:00:00.000,07:34,2018-03-20T07:34:00.000,ADV,500 Block Of Castro St,San Francisco,CA,Premise Address,Withdrawn
858965,182844193,Passing Call,2018-10-11T00:00:00.000,2018-10-11T00:00:00.000,2018-10-11T00:00:00.000,23:41,2018-10-11T23:41:00.000,HAN,Lapu Lapu St/rizal St,San Francisco,CA,Intersection,Closed
1800534,172290748,Muni Inspection,2017-08-17T00:00:00.000,2017-08-17T00:00:00.000,2017-08-17T00:00:00.000,07:43,2017-08-17T07:43:00.000,HAN,Market St/van Ness Av,San Francisco,CA,Intersection,Closed
655023,190132906,Muni Inspection,2019-01-13T00:00:00.000,2019-01-13T00:00:00.000,2019-01-13T00:00:00.000,18:41,2019-01-13T18:41:00.000,Not recorded,Mission St/30th St,San Francisco,CA,Intersection,Closed
90585,192581372,Audible Alarm,2019-09-15T00:00:00.000,2019-09-15T00:00:00.000,2019-09-15T00:00:00.000,11:14,2019-09-15T11:14:00.000,CAN,800 Block Of Athens St,San Francisco,CA,Premise Address,Pending
2939940,161002503,911 Open Line,2016-04-09T00:00:00.000,2016-04-09T00:00:00.000,2016-04-09T00:00:00.000,17:47,2016-04-09T17:47:00.000,NCR,100 Block Of Laguna St,San Francisco,CA,Premise Address,Closed
51295,192742214,Well Being Check,2019-10-01T00:00:00.000,2019-10-01T00:00:00.000,2019-10-01T00:00:00.000,13:39,2019-10-01T13:39:00.000,HAN,1600 Block Of Clay St,San Francisco,CA,Premise Address,Pending
140789,192373479,Injury Veh Accident,2019-08-25T00:00:00.000,2019-08-25T00:00:00.000,2019-08-25T00:00:00.000,19:34,2019-08-25T19:34:00.000,HAN,0 Block Of Jordan Av,San Francisco,CA,Premise Address,Closed
2369966,163473247,Audible Alarm,2016-12-12T00:00:00.000,2016-12-12T00:00:00.000,2016-12-12T00:00:00.000,17:39,2016-12-12T17:39:00.000,PAS,400 Block Of Geary St,San Francisco,CA,Premise Address,Closed
877935,182771016,Stolen Vehicle,2018-10-04T00:00:00.000,2018-10-04T00:00:00.000,2018-10-04T00:00:00.000,09:00,2018-10-04T09:00:00.000,REP,4900 Block Of Fulton St,San Francisco,CA,Premise Address,Closed
873995,182783716,Petty Theft,2018-10-05T00:00:00.000,2018-10-05T00:00:00.000,2018-10-05T00:00:00.000,19:50,2018-10-05T19:50:00.000,GOA,3800 Block Of 3rd St,San Francisco,CA,Premise Address,Closed
1041065,182042460,Dw,2018-07-23T00:00:00.000,2018-07-23T00:00:00.000,2018-07-23T00:00:00.000,15:47,2018-07-23T15:47:00.000,CAN,1200 Block Of Plymouth Av,San Francisco,CA,Premise Address,Pending
1429043,180263294,22500e,2018-01-26T00:00:00.000,2018-01-26T00:00:00.000,2018-01-26T00:00:00.000,18:15,2018-01-26T18:15:00.000,HAN,2600 Block Of 33rd Av,San Francisco,CA,Premise Address,Closed
2265278,170303072,Subj,2017-01-30T00:00:00.000,2017-01-30T00:00:00.000,2017-01-30T00:00:00.000,17:51,2017-01-30T17:51:00.000,ARR,900 Block Of Bryant St #Rm475,San Francisco,CA,Common Location,Pending
1915562,171800331,Passing Call,2017-06-29T00:00:00.000,2017-06-29T00:00:00.000,2017-06-29T00:00:00.000,04:03,2017-06-29T04:03:00.000,HAN,1500 Block Of Haight St,San Francisco,CA,Common Location,Closed
811069,183052604,Passing Call,2018-11-01T00:00:00.000,2018-11-01T00:00:00.000,2018-11-01T00:00:00.000,14:50,2018-11-01T14:50:00.000,HAN,Turk St/hyde St,San Francisco,CA,Intersection,Closed
1849183,172084013,Vandalism,2017-07-27T00:00:00.000,2017-07-27T00:00:00.000,2017-07-27T00:00:00.000,21:14,2017-07-27T21:14:00.000,NOM,0 Block Of Landers St,San Francisco,CA,Premise Address,Withdrawn
168961,192261432,Suspicious Person,2019-08-14T00:00:00.000,2019-08-14T00:00:00.000,2019-08-14T00:00:00.000,10:45,2019-08-14T10:45:00.000,HAN,7th St/market St,San Francisco,CA,Intersection,Closed
2591834,162523142,Well Being Check,2016-09-08T00:00:00.000,2016-09-08T00:00:00.000,2016-09-08T00:00:00.000,17:27,2016-09-08T17:27:00.000,ADV,700 Block Of Shotwell St,San Francisco,CA,Premise Address,Closed
189082,192180270,Passing Call,2019-08-06T00:00:00.000,2019-08-06T00:00:00.000,2019-08-06T00:00:00.000,03:12,2019-08-06T03:12:00.000,Not recorded,Geary Bl/11th Av,San Francisco,CA,Intersection,Closed
950167,182452715,Passing Call,2018-09-02T00:00:00.000,2018-09-02T00:00:00.000,2018-09-02T00:00:00.000,17:59,2018-09-02T17:59:00.000,HAN,Market St/spear St,San Francisco,CA,Intersection,Closed
1447384,180181650,Dw,2018-01-18T00:00:00.000,2018-01-18T00:00:00.000,2018-01-18T00:00:00.000,12:25,2018-01-18T12:25:00.000,CIT,300 Block Of Walnut St,San Francisco,CA,Premise Address,Pending
472614,190953980,Auto Boost / Strip,2019-04-05T00:00:00.000,2019-04-05T00:00:00.000,2019-04-05T00:00:00.000,20:24,2019-04-05T20:24:00.000,INC,Steiner St/hayes St,San Francisco,CA,Intersection,Closed
1084033,181840750,500f,2018-07-03T00:00:00.000,2018-07-03T00:00:00.000,2018-07-03T00:00:00.000,08:21,2018-07-03T08:21:00.000,GOA,700 Block Of 47th Av,San Francisco,CA,Premise Address,Pending
1965391,171574133,Traffic Stop,2017-06-06T00:00:00.000,2017-06-06T00:00:00.000,2017-06-06T00:00:00.000,23:47,2017-06-06T23:47:00.000,ADV,1600 Block Of California St,San Francisco,CA,Premise Address,Pending
595462,190402022,Homeless Complaint,2019-02-09T00:00:00.000,2019-02-09T00:00:00.000,2019-02-09T00:00:00.000,15:10,2019-02-09T15:10:00.000,HAN,400 Blk Hickory St,San Francisco,CA,Geo-Override,Closed
45579,192763512,Traffic Stop,2019-10-03T00:00:00.000,2019-10-03T00:00:00.000,2019-10-03T00:00:00.000,18:40,2019-10-03T18:40:00.000,CIT,Mission St/7th St,San Francisco,CA,Intersection,Pending
2485971,162960747,Campers,2016-10-22T00:00:00.000,2016-10-22T00:00:00.000,2016-10-22T00:00:00.000,07:07,2016-10-22T07:07:00.000,HAN,700 Block Of Minna St,San Francisco,CA,Premise Address,Closed
1222945,181192629,"7,2,27",2018-04-29T00:00:00.000,2018-04-29T00:00:00.000,2018-04-29T00:00:00.000,17:12,2018-04-29T17:12:00.000,NOM,500 Block Of Geary St,San Francisco,CA,Premise Address,Pending
740472,183373905,Suspicious Vehicle,2018-12-03T00:00:00.000,2018-12-03T00:00:00.000,2018-12-03T00:00:00.000,20:34,2018-12-03T20:34:00.000,ADV,Geary St/leavenworth St,San Francisco,CA,Intersection,Closed
1321240,180752098,Traffic Stop,2018-03-16T00:00:00.000,2018-03-16T00:00:00.000,2018-03-16T00:00:00.000,14:07,2018-03-16T14:07:00.000,ADV,Taraval St/41st Av,San Francisco,CA,Intersection,Pending
2156224,170771700,Petty Theft,2017-03-18T00:00:00.000,2017-03-18T00:00:00.000,2017-03-18T00:00:00.000,12:18,2017-03-18T12:18:00.000,REP,Market St/castro St,San Francisco,CA,Intersection,Closed
2926907,161060866,Trc 7.2.46,2016-04-15T00:00:00.000,2016-04-15T00:00:00.000,2016-04-15T00:00:00.000,08:47,2016-04-15T08:47:00.000,CIT,100 Block Of Drumm St,San Francisco,CA,Premise Address,Pending
1241270,181112942,Passing Call,2018-04-21T00:00:00.000,2018-04-21T00:00:00.000,2018-04-21T00:00:00.000,18:16,2018-04-21T18:16:00.000,Not recorded,Stockton St/columbus Av,San Francisco,CA,Intersection,Pending
2776323,161710495,Auto Boost / Strip,2016-06-19T00:00:00.000,2016-06-19T00:00:00.000,2016-06-19T00:00:00.000,03:45,2016-06-19T03:45:00.000,GOA,Alabama St/20th St,San Francisco,CA,Intersection,Withdrawn
1373736,180512129,Suspicious Person,2018-02-20T00:00:00.000,2018-02-20T00:00:00.000,2018-02-20T00:00:00.000,13:59,2018-02-20T13:59:00.000,ADV,Leavenworth St/golden Gate Av,San Francisco,CA,Intersection,Pending
2718906,161962304,Traffic Stop,2016-07-14T00:00:00.000,2016-07-14T00:00:00.000,2016-07-14T00:00:00.000,15:20,2016-07-14T15:20:00.000,ADM,8th St/harrison St,San Francisco,CA,Intersection,Pending
1238948,181123177,Rtl,2018-04-22T00:00:00.000,2018-04-22T00:00:00.000,2018-04-22T00:00:00.000,18:49,2018-04-22T18:49:00.000,HAN,1000 Block Of Geary St,San Francisco,CA,Premise Address,Closed
433233,191122167,Rep,2019-04-22T00:00:00.000,2019-04-22T00:00:00.000,2019-04-22T00:00:00.000,13:36,2019-04-22T13:36:00.000,HAN,2300 Block Of Jerrold Av,San Francisco,CA,Premise Address,Pending
301541,191700366,Audible Alarm,2019-06-19T00:00:00.000,2019-06-19T00:00:00.000,2019-06-19T00:00:00.000,05:10,2019-06-19T05:10:00.000,22,400 Block Of Randolph St,San Francisco,CA,Premise Address,Closed
465394,190983864,Assault / Battery,2019-04-08T00:00:00.000,2019-04-08T00:00:00.000,2019-04-08T00:00:00.000,21:39,2019-04-08T21:39:00.000,ND,Market St/gough St,San Francisco,CA,Intersection,Pending
248671,191923374,Person W/knife,2019-07-11T00:00:00.000,2019-07-11T00:00:00.000,2019-07-11T00:00:00.000,17:58,2019-07-11T17:58:00.000,Not recorded,Ofarrell St/larkin St,San Francisco,CA,Intersection,Pending
2277868,170250479,Trespasser,2017-01-25T00:00:00.000,2017-01-25T00:00:00.000,2017-01-25T00:00:00.000,05:51,2017-01-25T05:51:00.000,ADV,100 Block Of Mcallister St,San Francisco,CA,Premise Address,Closed
1838914,172131211,Well Being Check,2017-08-01T00:00:00.000,2017-08-01T00:00:00.000,2017-08-01T00:00:00.000,10:14,2017-08-01T10:14:00.000,NOM,5400 Block Of Geary Bl,San Francisco,CA,Premise Address,Pending
2587922,162541288,Vehicle Alarm,2016-09-10T00:00:00.000,2016-09-10T00:00:00.000,2016-09-10T00:00:00.000,10:46,2016-09-10T10:46:00.000,ND,2000 Block Of Burrows St,San Francisco,CA,Premise Address,Closed
2317237,170061327,Passing Call,2017-01-06T00:00:00.000,2017-01-06T00:00:00.000,2017-01-06T00:00:00.000,11:28,2017-01-06T11:28:00.000,HAN,600 Block Of Buena Vista West Av,San Francisco,CA,Common Location,Closed
2557352,162663482,Fight No Weapon,2016-09-22T00:00:00.000,2016-09-22T00:00:00.000,2016-09-22T00:00:00.000,18:42,2016-09-22T18:42:00.000,HAN,0 Block Of Apollo St,San Francisco,CA,Premise Address,Closed
2853978,161370809,Passing Call,2016-05-16T00:00:00.000,2016-05-16T00:00:00.000,2016-05-16T00:00:00.000,08:26,2016-05-16T08:26:00.000,HAN,3600 Block Of Divisadero St,San Francisco,CA,Common Location,Closed
2457987,163080329,Suspicious Person,2016-11-03T00:00:00.000,2016-11-03T00:00:00.000,2016-11-03T00:00:00.000,03:32,2016-11-03T03:32:00.000,ADV,Shotwell St/18th St,San Francisco,CA,Intersection,Closed
1274730,180963676,Person W/knife,2018-04-06T00:00:00.000,2018-04-06T00:00:00.000,2018-04-06T00:00:00.000,22:02,2018-04-06T22:02:00.000,GOA,16th St/mission St,San Francisco,CA,Intersection,Pending
1252598,181070014,Well Being Check,2018-04-17T00:00:00.000,2018-04-17T00:00:00.000,2018-04-17T00:00:00.000,00:07,2018-04-17T00:07:00.000,UTL,Vallejo St/polk St,San Francisco,CA,Intersection,Pending
2386497,163400493,Auto Boost / Strip,2016-12-05T00:00:00.000,2016-12-05T00:00:00.000,2016-12-05T00:00:00.000,06:22,2016-12-05T06:22:00.000,GOA,Green St/laguna St,San Francisco,CA,Intersection,Pending
2851516,161380979,H&r Veh Accident,2016-05-17T00:00:00.000,2016-05-17T00:00:00.000,2016-05-17T00:00:00.000,09:02,2016-05-17T09:02:00.000,REP,300 Block Of Balboa St,San Francisco,CA,Premise Address,Closed
1493351,173622845,Stolen Vehicle,2017-12-28T00:00:00.000,2017-12-28T00:00:00.000,2017-12-28T00:00:00.000,17:09,2017-12-28T17:09:00.000,REP,Block Of Edinburgh St,San Francisco,CA,Premise Address,Pending
838928,182933785,415,2018-10-20T00:00:00.000,2018-10-20T00:00:00.000,2018-10-20T00:00:00.000,22:29,2018-10-20T22:29:00.000,GOA,1900 Block Of 28th Av,San Francisco,CA,Premise Address,Pending
169672,192260084,Noise Nuisance,2019-08-14T00:00:00.000,2019-08-14T00:00:00.000,2019-08-14T00:00:00.000,00:47,2019-08-14T00:47:00.000,Not recorded,600 Block Of Shotwell St,San Francisco,CA,Premise Address,Pending
2901694,161163163,Suspicious Person,2016-04-25T00:00:00.000,2016-04-25T00:00:00.000,2016-04-25T00:00:00.000,18:43,2016-04-25T18:43:00.000,ADV,100 Block Of United Nations Pz,San Francisco,CA,Premise Address,Pending
633140,190233557,Passing Call,2019-01-23T00:00:00.000,2019-01-23T00:00:00.000,2019-01-23T00:00:00.000,19:15,2019-01-23T19:15:00.000,Not recorded,300 Block Of Geary St,San Francisco,CA,Common Location,Pending
1157714,181480959,Homeless Complaint,2018-05-28T00:00:00.000,2018-05-28T00:00:00.000,2018-05-28T00:00:00.000,09:39,2018-05-28T09:39:00.000,HAN,3200 Block Of Divisadero St,San Francisco,CA,Premise Address,Closed
2161451,170751210,Audible Alarm,2017-03-16T00:00:00.000,2017-03-16T00:00:00.000,2017-03-16T00:00:00.000,09:36,2017-03-16T09:36:00.000,PAS,1700 Block Of 31st Av,San Francisco,CA,Premise Address,Closed
2586496,162543803,Casing,2016-09-10T00:00:00.000,2016-09-10T00:00:00.000,2016-09-10T00:00:00.000,22:41,2016-09-10T22:41:00.000,GOA,Harrison St/columbia Square St,San Francisco,CA,Intersection,Pending
1034164,182072678,Assault / Battery,2018-07-26T00:00:00.000,2018-07-26T00:00:00.000,2018-07-26T00:00:00.000,16:27,2018-07-26T16:27:00.000,REP,300 Block Of Winston Dr,San Francisco,CA,Premise Address,Closed
2281873,170231266,Homeless Complaint,2017-01-23T00:00:00.000,2017-01-23T00:00:00.000,2017-01-23T00:00:00.000,10:58,2017-01-23T10:58:00.000,GOA,0 Block Of Jessie St,San Francisco,CA,Premise Address,Withdrawn
541286,190660773,Wrong Direction,2019-03-07T00:00:00.000,2019-03-07T00:00:00.000,2019-03-07T00:00:00.000,08:10,2019-03-07T08:10:00.000,GOA,200 Block Of Grattan St,San Francisco,CA,Premise Address,Pending
2543255,162722950,Complaint Unkn,2016-09-28T00:00:00.000,2016-09-28T00:00:00.000,2016-09-28T00:00:00.000,17:13,2016-09-28T17:13:00.000,GOA,2700 Block Of 24th St,San Francisco,CA,Premise Address,Pending
650772,190153403,Vandalism,2019-01-15T00:00:00.000,2019-01-15T00:00:00.000,2019-01-15T00:00:00.000,19:22,2019-01-15T19:22:00.000,REP,700 Block Of La Playa,San Francisco,CA,Premise Address,Withdrawn
1505731,173561061,Suspicious Person,2017-12-22T00:00:00.000,2017-12-22T00:00:00.000,2017-12-22T00:00:00.000,09:31,2017-12-22T09:31:00.000,ADV,200 Block Of Leavenworth St,San Francisco,CA,Premise Address,Pending
2334294,163641921,22500e,2016-12-29T00:00:00.000,2016-12-29T00:00:00.000,2016-12-29T00:00:00.000,13:55,2016-12-29T13:55:00.000,22,500 Block Of 20th Av,San Francisco,CA,Premise Address,Pending
911236,182624387,Citizen Arrest,2018-09-19T00:00:00.000,2018-09-19T00:00:00.000,2018-09-19T00:00:00.000,21:46,2018-09-19T21:46:00.000,CIT,800 Block Of Mission St,San Francisco,CA,Common Location,Pending
530999,190704083,Noise Nuisance,2019-03-11T00:00:00.000,2019-03-11T00:00:00.000,2019-03-11T00:00:00.000,22:23,2019-03-11T22:23:00.000,UTL,100 Block Of Valparaiso St,San Francisco,CA,Premise Address,Pending
2359858,163520596,Audible Alarm,2016-12-17T00:00:00.000,2016-12-17T00:00:00.000,2016-12-17T00:00:00.000,05:08,2016-12-17T05:08:00.000,PAS,200 Block Of Sutter St,San Francisco,CA,Premise Address,Withdrawn
1853416,172070407,650,2017-07-26T00:00:00.000,2017-07-26T00:00:00.000,2017-07-26T00:00:00.000,05:16,2017-07-26T05:16:00.000,UTL,San Bruno Av/alemany Nb Bl,San Francisco,CA,Intersection,Pending
1490239,173640692,Passing Call,2017-12-30T00:00:00.000,2017-12-30T00:00:00.000,2017-12-30T00:00:00.000,08:04,2017-12-30T08:04:00.000,HAN,400 Block Of 13th St,Treasure Isla,CA,Premise Address,Pending
995367,182252788,Suspicious Vehicle,2018-08-13T00:00:00.000,2018-08-13T00:00:00.000,2018-08-13T00:00:00.000,17:25,2018-08-13T17:25:00.000,ADV,Bayshore Bl/industrial St,San Francisco,CA,Intersection,Closed
2949828,160961807,Suspicious Person,2016-04-05T00:00:00.000,2016-04-05T00:00:00.000,2016-04-05T00:00:00.000,12:59,2016-04-05T12:59:00.000,CIT,700 Block Of Kearny St,San Francisco,CA,Common Location,Pending
441153,191090859,Uwg,2019-04-19T00:00:00.000,2019-04-19T00:00:00.000,2019-04-19T00:00:00.000,08:33,2019-04-19T08:33:00.000,ADV,700 Block Of Pine St,San Francisco,CA,Premise Address,Closed
687571,183631687,22500e,2018-12-29T00:00:00.000,2018-12-29T00:00:00.000,2018-12-29T00:00:00.000,13:45,2018-12-29T13:45:00.000,CIT,1900 Block Of Lake St,San Francisco,CA,Premise Address,Pending
1501157,173581731,Meet W/citizen,2017-12-24T00:00:00.000,2017-12-24T00:00:00.000,2017-12-24T00:00:00.000,14:17,2017-12-24T14:17:00.000,HAN,900 Block Of Market St,San Francisco,CA,Common Location,Pending
1011489,182181615,Traffic Stop,2018-08-06T00:00:00.000,2018-08-06T00:00:00.000,2018-08-06T00:00:00.000,12:37,2018-08-06T12:37:00.000,CIT,Lisbon St/avalon Av,San Francisco,CA,Intersection,Pending
2009251,171393626,Verbal,2017-05-19T00:00:00.000,2017-05-19T00:00:00.000,2017-05-19T00:00:00.000,20:01,2017-05-19T20:01:00.000,ABA,1300 Block Of Columbus Av #Lobby,San Francisco,CA,Common Location,Closed
2423134,163230708,Audible Alarm,2016-11-18T00:00:00.000,2016-11-18T00:00:00.000,2016-11-18T00:00:00.000,07:27,2016-11-18T07:27:00.000,PAS,100 Block Of San Buenaventura Wy,San Francisco,CA,Premise Address,Closed
2014519,171372815,Suspicious Person,2017-05-17T00:00:00.000,2017-05-17T00:00:00.000,2017-05-17T00:00:00.000,16:06,2017-05-17T16:06:00.000,GOA,100 Block Of Farragut Av,San Francisco,CA,Premise Address,Pending
1435497,180234021,911 Open Line/hu,2018-01-23T00:00:00.000,2018-01-23T00:00:00.000,2018-01-23T00:00:00.000,22:20,2018-01-23T22:20:00.000,UTL,2600 Block Of Buchanan St,San Francisco,CA,Premise Address,Closed
2779297,161693449,Fight No Weapon,2016-06-17T00:00:00.000,2016-06-17T00:00:00.000,2016-06-17T00:00:00.000,19:51,2016-06-17T19:51:00.000,HAN,1800 Block Of Oakdale Av,San Francisco,CA,Common Location,Pending
226223,192020969,Fight No Weapon,2019-07-21T00:00:00.000,2019-07-21T00:00:00.000,2019-07-21T00:00:00.000,08:39,2019-07-21T08:39:00.000,REP,2000 Block Of Mission St,San Francisco,CA,Common Location,Closed
234354,191983383,Traf Violation Cite,2019-07-17T00:00:00.000,2019-07-17T00:00:00.000,2019-07-17T00:00:00.000,17:58,2019-07-17T17:58:00.000,CAN,1649 13th St,,CA,Geo-Override,Closed
357754,191451783,Rep,2019-05-25T00:00:00.000,2019-05-25T00:00:00.000,2019-05-25T00:00:00.000,13:38,2019-05-25T13:38:00.000,HAN,100 Block Of 3rd St #2226,San Francisco,CA,Common Location,Pending
1842469,172113071,Passing Call,2017-07-30T00:00:00.000,2017-07-30T00:00:00.000,2017-07-30T00:00:00.000,18:31,2017-07-30T18:31:00.000,HAN,Jcc,,CA,Geo-Override,Pending
1405087,180370996,Homeless Complaint,2018-02-06T00:00:00.000,2018-02-06T00:00:00.000,2018-02-06T00:00:00.000,08:50,2018-02-06T08:50:00.000,Not recorded,Market St/2nd St,San Francisco,CA,Intersection,Pending
1181684,181370751,Muni Inspection,2018-05-17T00:00:00.000,2018-05-17T00:00:00.000,2018-05-17T00:00:00.000,08:21,2018-05-17T08:21:00.000,HAN,7th St/market St,San Francisco,CA,Intersection,Closed
2822379,161504101,Missing Juvenile,2016-05-29T00:00:00.000,2016-05-29T00:00:00.000,2016-05-29T00:00:00.000,23:57,2016-05-29T23:57:00.000,REP,1300 Block Of Page St,San Francisco,CA,Premise Address,Pending
192701,192162147,Noise Nuisance,2019-08-04T00:00:00.000,2019-08-04T00:00:00.000,2019-08-04T00:00:00.000,14:38,2019-08-04T14:38:00.000,GOA,700 Block Of Hyde St,San Francisco,CA,Premise Address,Closed
2262173,170320337,800,2017-02-01T00:00:00.000,2017-02-01T00:00:00.000,2017-02-01T00:00:00.000,04:08,2017-02-01T04:08:00.000,ND,900 Block Of Kearny St,San Francisco,CA,Premise Address,Closed
2645738,162300262,Passing Call,2016-08-17T00:00:00.000,2016-08-17T00:00:00.000,2016-08-17T00:00:00.000,02:29,2016-08-17T02:29:00.000,HAN,700 Block Of 7th Av,San Francisco,CA,Premise Address,Pending
473134,190953125,Poss 488,2019-04-05T00:00:00.000,2019-04-05T00:00:00.000,2019-04-05T00:00:00.000,17:20,2019-04-05T17:20:00.000,ND,800 Block Of Brussels St,San Francisco,CA,Premise Address,Pending
1372711,180513935,Traffic Stop,2018-02-20T00:00:00.000,2018-02-20T00:00:00.000,2018-02-20T00:00:00.000,22:09,2018-02-20T22:09:00.000,CIT,19th Av/banbury Dr,San Francisco,CA,Intersection,Pending
11113,192910699,Well Being Check,2019-10-18T00:00:00.000,2019-10-18T00:00:00.000,2019-10-18T00:00:00.000,08:00,2019-10-18T08:00:00.000,NOM,1100 Block Of Capp St,San Francisco,CA,Premise Address,Pending
1056525,181971447,Rtl,2018-07-16T00:00:00.000,2018-07-16T00:00:00.000,2018-07-16T00:00:00.000,12:01,2018-07-16T12:01:00.000,GOA,4600 Block Of Mission St,San Francisco,CA,Premise Address,Pending
1798204,172300287,Noise Nuisance,2017-08-18T00:00:00.000,2017-08-18T00:00:00.000,2017-08-18T00:00:00.000,02:28,2017-08-18T02:28:00.000,UTL,4th St/china Basin St,San Francisco,CA,Intersection,Pending
1232516,181152409,Suspicious Person,2018-04-25T00:00:00.000,2018-04-25T00:00:00.000,2018-04-25T00:00:00.000,14:38,2018-04-25T14:38:00.000,HAN,0 Block Of 6th St,San Francisco,CA,Premise Address,Pending
620993,190290207,Passing Call,2019-01-29T00:00:00.000,2019-01-29T00:00:00.000,2019-01-29T00:00:00.000,02:39,2019-01-29T02:39:00.000,Not recorded,Huron Av/foote Av,San Francisco,CA,Intersection,Pending
2128664,170891053,910,2017-03-30T00:00:00.000,2017-03-30T00:00:00.000,2017-03-30T00:00:00.000,09:11,2017-03-30T09:11:00.000,UTL,1900 Block Of Green St,San Francisco,CA,Premise Address,Closed
2581395,162570853,Homeless Complaint,2016-09-13T00:00:00.000,2016-09-13T00:00:00.000,2016-09-13T00:00:00.000,08:34,2016-09-13T08:34:00.000,ND,Haight St/ashbury St,San Francisco,CA,Intersection,Closed
574304,190502442,J/o,2019-02-19T00:00:00.000,2019-02-19T00:00:00.000,2019-02-19T00:00:00.000,14:56,2019-02-19T14:56:00.000,REP,1900 Block Of Union St,San Francisco,CA,Premise Address,Withdrawn
277382,191803141,Passing Call,2019-06-29T00:00:00.000,2019-06-29T00:00:00.000,2019-06-29T00:00:00.000,18:07,2019-06-29T18:07:00.000,HAN,1500 Block Of Sloat Bl,San Francisco,CA,Common Location,Pending
1823990,172191708,Petty Theft,2017-08-07T00:00:00.000,2017-08-07T00:00:00.000,2017-08-07T00:00:00.000,11:59,2017-08-07T11:59:00.000,CAN,600 Block Of 3rd St,San Francisco,CA,Premise Address,Pending
844961,182910760,Audible Alarm,2018-10-18T00:00:00.000,2018-10-18T00:00:00.000,2018-10-18T00:00:00.000,08:24,2018-10-18T08:24:00.000,22,0 Block Of Ora Wy,San Francisco,CA,Premise Address,Pending
495573,190861414,Passing Call,2019-03-27T00:00:00.000,2019-03-27T00:00:00.000,2019-03-27T00:00:00.000,10:54,2019-03-27T10:54:00.000,Not recorded,Minna St/julia St,San Francisco,CA,Intersection,Withdrawn
1537693,173421867,Sleeper,2017-12-08T00:00:00.000,2017-12-08T00:00:00.000,2017-12-08T00:00:00.000,12:08,2017-12-08T12:08:00.000,ADV,Cabrillo St/great Hy,San Francisco,CA,Intersection,Pending
2796832,161620672,Meet W/citizen,2016-06-10T00:00:00.000,2016-06-10T00:00:00.000,2016-06-10T00:00:00.000,07:53,2016-06-10T07:53:00.000,HAN,Elm St/polk St,San Francisco,CA,Intersection,Closed
518700,190760528,Park Rangers,2019-03-17T00:00:00.000,2019-03-17T00:00:00.000,2019-03-17T00:00:00.000,04:10,2019-03-17T04:10:00.000,HAN,0 Block Of Stow Lake Dr,San Francisco,CA,Common Location,Pending
1784142,172353269,Trespasser,2017-08-23T00:00:00.000,2017-08-23T00:00:00.000,2017-08-23T00:00:00.000,17:04,2017-08-23T17:04:00.000,HAN,800 Block Of Peru Av,San Francisco,CA,Premise Address,Pending
20994,192870327,Audible Alarm,2019-10-14T00:00:00.000,2019-10-14T00:00:00.000,2019-10-14T00:00:00.000,03:53,2019-10-14T03:53:00.000,PAS,800 Block Of Market St,San Francisco,CA,Premise Address,Withdrawn
1606378,173112127,Family,2017-11-07T00:00:00.000,2017-11-07T00:00:00.000,2017-11-07T00:00:00.000,13:29,2017-11-07T13:29:00.000,HAN,200 Block Of Broad St,San Francisco,CA,Premise Address,Pending
2689825,162100730,Passing Call,2016-07-28T00:00:00.000,2016-07-28T00:00:00.000,2016-07-28T00:00:00.000,08:10,2016-07-28T08:10:00.000,ADV,Minna St/5th St,San Francisco,CA,Intersection,Pending
479057,190931886,Burglary,2019-04-03T00:00:00.000,2019-04-03T00:00:00.000,2019-04-03T00:00:00.000,11:45,2019-04-03T11:45:00.000,ADV,400 Block Of 11th Av,San Francisco,CA,Premise Address,Closed
1807906,172260889,Vc21211,2017-08-14T00:00:00.000,2017-08-14T00:00:00.000,2017-08-14T00:00:00.000,08:37,2017-08-14T08:37:00.000,GOA,800 Block Of Howard St,San Francisco,CA,Premise Address,Withdrawn
414108,191202774,Muni Inspection,2019-04-30T00:00:00.000,2019-04-30T00:00:00.000,2019-04-30T00:00:00.000,16:49,2019-04-30T16:49:00.000,Not recorded,Fillmore St/union St,San Francisco,CA,Intersection,Pending
1667622,172842817,Poss,2017-10-11T00:00:00.000,2017-10-11T00:00:00.000,2017-10-11T00:00:00.000,16:23,2017-10-11T16:23:00.000,GOA,100 Block Of Stow Lake Dr,San Francisco,CA,Common Location,Closed
1384591,180462174,Stolen Property,2018-02-15T00:00:00.000,2018-02-15T00:00:00.000,2018-02-15T00:00:00.000,13:44,2018-02-15T13:44:00.000,REP,Mcallister St/gough St,San Francisco,CA,Intersection,Pending
2134995,170863016,Passing Call,2017-03-27T00:00:00.000,2017-03-27T00:00:00.000,2017-03-27T00:00:00.000,18:03,2017-03-27T18:03:00.000,Not recorded,Market St/jones St,San Francisco,CA,Intersection,Closed
1256405,181050877,Burglary,2018-04-15T00:00:00.000,2018-04-15T00:00:00.000,2018-04-15T00:00:00.000,08:31,2018-04-15T08:31:00.000,NOM,600 Block Of Guerrero St,San Francisco,CA,Premise Address,Pending
2193704,170614252,Traffic Stop,2017-03-02T00:00:00.000,2017-03-02T00:00:00.000,2017-03-02T00:00:00.000,22:46,2017-03-02T22:46:00.000,ADV,Cyril Magnin St/eddy St,San Francisco,CA,Intersection,Pending
593383,190411925,Traf Violation Tow,2019-02-10T00:00:00.000,2019-02-10T00:00:00.000,2019-02-10T00:00:00.000,14:25,2019-02-10T14:25:00.000,CAN,300 Block Of Athens St,San Francisco,CA,Premise Address,Pending
65638,192683008,Auto Boost / Strip,2019-09-25T00:00:00.000,2019-09-25T00:00:00.000,2019-09-25T00:00:00.000,16:01,2019-09-25T16:01:00.000,REP,1800 Block Of Sutter St,San Francisco,CA,Premise Address,Closed
1979060,171520699,Traffic Stop,2017-06-01T00:00:00.000,2017-06-01T00:00:00.000,2017-06-01T00:00:00.000,07:59,2017-06-01T07:59:00.000,CIT,Page St/pierce St,San Francisco,CA,Intersection,Closed
1904303,171850762,Casing,2017-07-04T00:00:00.000,2017-07-04T00:00:00.000,2017-07-04T00:00:00.000,08:44,2017-07-04T08:44:00.000,HAN,100 Block Of Ellis St,San Francisco,CA,Premise Address,Closed
800408,183100608,Trespasser,2018-11-06T00:00:00.000,2018-11-06T00:00:00.000,2018-11-06T00:00:00.000,07:26,2018-11-06T07:26:00.000,ADV,1200 Block Of Larkin St,San Francisco,CA,Premise Address,Closed
974103,182350486,601,2018-08-23T00:00:00.000,2018-08-23T00:00:00.000,2018-08-23T00:00:00.000,05:53,2018-08-23T05:53:00.000,UTL,5900 Block Of Mission St,San Francisco,CA,Premise Address,Pending
791411,183133598,Traffic Stop,2018-11-09T00:00:00.000,2018-11-09T00:00:00.000,2018-11-09T00:00:00.000,19:27,2018-11-09T19:27:00.000,ADV,Portola Dr/santa Clara Av,San Francisco,CA,Intersection,Closed
1528527,173461169,Muni Inspection,2017-12-12T00:00:00.000,2017-12-12T00:00:00.000,2017-12-12T00:00:00.000,09:59,2017-12-12T09:59:00.000,HAN,5th St/market St,San Francisco,CA,Intersection,Pending
133615,192403631,Passing Call,2019-08-28T00:00:00.000,2019-08-28T00:00:00.000,2019-08-28T00:00:00.000,18:01,2019-08-28T18:01:00.000,HAN,800 Block Of Irving St,San Francisco,CA,Common Location,Withdrawn
2884132,161240450,Rep,2016-05-03T00:00:00.000,2016-05-03T00:00:00.000,2016-05-03T00:00:00.000,06:09,2016-05-03T06:09:00.000,NOM,0 Block Of Sanchez St,San Francisco,CA,Premise Address,Pending
1820511,172203748,Traffic Stop,2017-08-08T00:00:00.000,2017-08-08T00:00:00.000,2017-08-08T00:00:00.000,19:16,2017-08-08T19:16:00.000,ADM,Loomis St/flower St,San Francisco,CA,Intersection,Pending
2117354,170934183,Passing Call,2017-04-03T00:00:00.000,2017-04-03T00:00:00.000,2017-04-03T00:00:00.000,22:53,2017-04-03T22:53:00.000,UTL,400 Block Of Duboce Av,San Francisco,CA,Premise Address,Closed
2812181,161551761,Suspicious Person,2016-06-03T00:00:00.000,2016-06-03T00:00:00.000,2016-06-03T00:00:00.000,12:46,2016-06-03T12:46:00.000,CIT,9th St/natoma St,San Francisco,CA,Intersection,Closed
2260498,170323402,Suspect,2017-02-01T00:00:00.000,2017-02-01T00:00:00.000,2017-02-01T00:00:00.000,18:47,2017-02-01T18:47:00.000,ND,Leavenworth St/ofarrell St,San Francisco,CA,Intersection,Pending
1764947,172434034,Passing Call,2017-08-31T00:00:00.000,2017-08-31T00:00:00.000,2017-08-31T00:00:00.000,21:34,2017-08-31T21:34:00.000,Not recorded,3rd St/quesada Av,San Francisco,CA,Intersection,Closed
1091998,181800702,Passing Call,2018-06-29T00:00:00.000,2018-06-29T00:00:00.000,2018-06-29T00:00:00.000,07:53,2018-06-29T07:53:00.000,HAN,Geary St/powell St,San Francisco,CA,Intersection,Closed
1720779,172621017,Physical,2017-09-19T00:00:00.000,2017-09-19T00:00:00.000,2017-09-19T00:00:00.000,09:22,2017-09-19T09:22:00.000,HAN,8 Mission St,,CA,Geo-Override,Closed
2742168,161852828,Suspicious Person,2016-07-03T00:00:00.000,2016-07-03T00:00:00.000,2016-07-03T00:00:00.000,18:51,2016-07-03T18:51:00.000,HAN,Fulton St/hyde St,San Francisco,CA,Intersection,Pending
1341080,180660944,Mentally Disturbed,2018-03-07T00:00:00.000,2018-03-07T00:00:00.000,2018-03-07T00:00:00.000,09:22,2018-03-07T09:22:00.000,GOA,Broderick St/jefferson St,San Francisco,CA,Intersection,Closed
560734,190563148,Arrest Made,2019-02-25T00:00:00.000,2019-02-25T00:00:00.000,2019-02-25T00:00:00.000,18:56,2019-02-25T18:56:00.000,ARR,300 Block Of Powell St,San Francisco,CA,Premise Address,Closed
2706638,162021721,Meet W/citizen,2016-07-20T00:00:00.000,2016-07-20T00:00:00.000,2016-07-20T00:00:00.000,12:31,2016-07-20T12:31:00.000,GOA,Golden Gate Av/webster St,San Francisco,CA,Intersection,Closed
1098717,181763617,Loud Cleaning,2018-06-25T00:00:00.000,2018-06-25T00:00:00.000,2018-06-25T00:00:00.000,21:32,2018-06-25T21:32:00.000,ADV,3100 Block Of Fillmore St,San Francisco,CA,Premise Address,Closed
1840275,172123178,Traffic Stop,2017-07-31T00:00:00.000,2017-07-31T00:00:00.000,2017-07-31T00:00:00.000,17:38,2017-07-31T17:38:00.000,HAN,2nd St/natoma St,San Francisco,CA,Intersection,Pending
320179,191613747,Traffic Stop,2019-06-10T00:00:00.000,2019-06-10T00:00:00.000,2019-06-10T00:00:00.000,19:02,2019-06-10T19:02:00.000,ADV,18th St/collingwood St,San Francisco,CA,Intersection,Closed
1098377,181770404,Traffic Stop,2018-06-26T00:00:00.000,2018-06-26T00:00:00.000,2018-06-26T00:00:00.000,06:28,2018-06-26T06:28:00.000,CIT,Geary Bl/saint Josephs Av,San Francisco,CA,Intersection,Pending
1071186,181901512,Audible Alarm,2018-07-09T00:00:00.000,2018-07-09T00:00:00.000,2018-07-09T00:00:00.000,12:10,2018-07-09T12:10:00.000,NCR,200 Block Of Clay St,San Francisco,CA,Common Location,Withdrawn
1310526,180802154,Rep,2018-03-21T00:00:00.000,2018-03-21T00:00:00.000,2018-03-21T00:00:00.000,13:45,2018-03-21T13:45:00.000,HAN,1700 Block Of Fillmore St,San Francisco,CA,Premise Address,Withdrawn
2220924,170500236,Assault / Battery,2017-02-19T00:00:00.000,2017-02-19T00:00:00.000,2017-02-19T00:00:00.000,01:22,2017-02-19T01:22:00.000,REP,200 Block Of Erie St,San Francisco,CA,Premise Address,Pending
327886,191581516,Passing Call,2019-06-07T00:00:00.000,2019-06-07T00:00:00.000,2019-06-07T00:00:00.000,11:32,2019-06-07T11:32:00.000,HAN,17th St/prosper St,San Francisco,CA,Intersection,Pending
2762421,161770826,Suspicious Person,2016-06-25T00:00:00.000,2016-06-25T00:00:00.000,2016-06-25T00:00:00.000,07:23,2016-06-25T07:23:00.000,CIT,Harrison St/oak Grove St,San Francisco,CA,Intersection,Withdrawn
2023389,171333904,Meet W/citizen,2017-05-13T00:00:00.000,2017-05-13T00:00:00.000,2017-05-13T00:00:00.000,23:39,2017-05-13T23:39:00.000,HAN,1000 Block Of Potrero Av,San Francisco,CA,Common Location,Closed
583394,190453931,Vehicle Alarm,2019-02-14T00:00:00.000,2019-02-14T00:00:00.000,2019-02-14T00:00:00.000,21:41,2019-02-14T21:41:00.000,HAN,47th Av/cabrillo St,San Francisco,CA,Intersection,Pending
2206462,170562279,Dw,2017-02-25T00:00:00.000,2017-02-25T00:00:00.000,2017-02-25T00:00:00.000,15:28,2017-02-25T15:28:00.000,CIT,2600 Block Of Turk Bl,San Francisco,CA,Premise Address,Closed
2069569,171141668,Stabbing,2017-04-24T00:00:00.000,2017-04-24T00:00:00.000,2017-04-24T00:00:00.000,11:57,2017-04-24T11:57:00.000,REP,16th St/potrero Av,San Francisco,CA,Intersection,Pending
335074,191551668,Person Screaming,2019-06-04T00:00:00.000,2019-06-04T00:00:00.000,2019-06-04T00:00:00.000,11:41,2019-06-04T11:41:00.000,NOM,900 Block Of Capp St,San Francisco,CA,Premise Address,Closed
630836,190243515,Traffic Stop,2019-01-24T00:00:00.000,2019-01-24T00:00:00.000,2019-01-24T00:00:00.000,20:21,2019-01-24T20:21:00.000,ND,21st St/mission St,San Francisco,CA,Intersection,Pending
2444617,163133656,Noise Nuisance,2016-11-08T00:00:00.000,2016-11-08T00:00:00.000,2016-11-08T00:00:00.000,19:58,2016-11-08T19:58:00.000,UTL,1600 Block Of Ocean Av,San Francisco,CA,Premise Address,Closed
1140069,181561917,Suspicious Person,2018-06-05T00:00:00.000,2018-06-05T00:00:00.000,2018-06-05T00:00:00.000,13:42,2018-06-05T13:42:00.000,GOA,500 Block Of Ofarrell St,San Francisco,CA,Premise Address,Closed
1454098,180151755,Fight No Weapon,2018-01-15T00:00:00.000,2018-01-15T00:00:00.000,2018-01-15T00:00:00.000,13:26,2018-01-15T13:26:00.000,ND,700 Block Of Eddy St,San Francisco,CA,Premise Address,Closed
1526674,173470422,Camper,2017-12-13T00:00:00.000,2017-12-13T00:00:00.000,2017-12-13T00:00:00.000,05:08,2017-12-13T05:08:00.000,HAN,Brannan St/harriet St,San Francisco,CA,Intersection,Closed
702511,183551742,Traffic Stop,2018-12-21T00:00:00.000,2018-12-21T00:00:00.000,2018-12-21T00:00:00.000,12:36,2018-12-21T12:36:00.000,ADV,Ofarrell St/larkin St,San Francisco,CA,Intersection,Closed
2934078,161031150,Traffic Stop,2016-04-12T00:00:00.000,2016-04-12T00:00:00.000,2016-04-12T00:00:00.000,10:06,2016-04-12T10:06:00.000,CIT,6th St/mission St,San Francisco,CA,Intersection,Withdrawn
113634,192490840,Passing Call,2019-09-06T00:00:00.000,2019-09-06T00:00:00.000,2019-09-06T00:00:00.000,08:22,2019-09-06T08:22:00.000,Not recorded,100 Block Of Scott St,San Francisco,CA,Common Location,Pending
2163693,170741730,Traffic Stop,2017-03-15T00:00:00.000,2017-03-15T00:00:00.000,2017-03-15T00:00:00.000,11:48,2017-03-15T11:48:00.000,CIT,Market St/mason St,San Francisco,CA,Intersection,Pending
1701840,172700254,Person Breaking In,2017-09-27T00:00:00.000,2017-09-27T00:00:00.000,2017-09-27T00:00:00.000,02:31,2017-09-27T02:31:00.000,HAN,200 Block Of Jefferson St,San Francisco,CA,Premise Address,Withdrawn
2178816,170680218,Suspicious Vehicle,2017-03-09T00:00:00.000,2017-03-09T00:00:00.000,2017-03-09T00:00:00.000,01:48,2017-03-09T01:48:00.000,ADV,Saint Charles Av/alemany Bl,San Francisco,CA,Intersection,Pending
785970,183161500,Casers,2018-11-12T00:00:00.000,2018-11-12T00:00:00.000,2018-11-12T00:00:00.000,11:59,2018-11-12T11:59:00.000,GOA,California St/polk St,San Francisco,CA,Intersection,Pending
1038110,182053637,Jo,2018-07-24T00:00:00.000,2018-07-24T00:00:00.000,2018-07-24T00:00:00.000,20:56,2018-07-24T20:56:00.000,UTL,700 Block Of York St,San Francisco,CA,Premise Address,Pending
1494560,173620586,Trespasser,2017-12-28T00:00:00.000,2017-12-28T00:00:00.000,2017-12-28T00:00:00.000,07:32,2017-12-28T07:32:00.000,GOA,1900 Block Of Jackson St,San Francisco,CA,Premise Address,Pending
1901267,171861710,Audible Alarm,2017-07-05T00:00:00.000,2017-07-05T00:00:00.000,2017-07-05T00:00:00.000,10:57,2017-07-05T10:57:00.000,NCR,2300 Block Of Wawona St,San Francisco,CA,Premise Address,Pending
1226747,181180042,415,2018-04-28T00:00:00.000,2018-04-28T00:00:00.000,2018-04-28T00:00:00.000,00:16,2018-04-28T00:16:00.000,ADV,600 Block Of Buena Vista Av W,San Francisco,CA,Common Location,Pending
1088040,181820307,Trespasser,2018-07-01T00:00:00.000,2018-07-01T00:00:00.000,2018-07-01T00:00:00.000,02:11,2018-07-01T02:11:00.000,GOA,1600 Block Of Bryant St,San Francisco,CA,Premise Address,Closed
1368682,180532903,Passing Call,2018-02-22T00:00:00.000,2018-02-22T00:00:00.000,2018-02-22T00:00:00.000,16:52,2018-02-22T16:52:00.000,Not recorded,Aquatic Park,,CA,Geo-Override,Pending
1750678,172494268,Person W/knife,2017-09-06T00:00:00.000,2017-09-06T00:00:00.000,2017-09-06T00:00:00.000,21:23,2017-09-06T21:23:00.000,HAN,1500 Block Of 44th Av,San Francisco,CA,Premise Address,Closed
2228260,170470066,Suicide Attempt,2017-02-16T00:00:00.000,2017-02-16T00:00:00.000,2017-02-16T00:00:00.000,00:16,2017-02-16T00:16:00.000,HAN,300 Block Of Day St,San Francisco,CA,Premise Address,Pending
564105,190550676,Traffic Stop,2019-02-24T00:00:00.000,2019-02-24T00:00:00.000,2019-02-24T00:00:00.000,07:41,2019-02-24T07:41:00.000,ADV,Oak St/baker St,San Francisco,CA,Intersection,Pending
814668,183040810,Blocked In,2018-10-31T00:00:00.000,2018-10-31T00:00:00.000,2018-10-31T00:00:00.000,08:08,2018-10-31T08:08:00.000,CAN,1100 Block Of Connecticut St,San Francisco,CA,Premise Address,Closed
2399684,163340801,Traffic Stop,2016-11-29T00:00:00.000,2016-11-29T00:00:00.000,2016-11-29T00:00:00.000,08:19,2016-11-29T08:19:00.000,ADV,Folsom St/2nd St,San Francisco,CA,Intersection,Withdrawn
379607,191352814,650,2019-05-15T00:00:00.000,2019-05-15T00:00:00.000,2019-05-15T00:00:00.000,16:54,2019-05-15T16:54:00.000,UTL,1100 Block Of Market St,San Francisco,CA,Premise Address,Pending
1609611,173100479,22500f,2017-11-06T00:00:00.000,2017-11-06T00:00:00.000,2017-11-06T00:00:00.000,06:03,2017-11-06T06:03:00.000,CIT,2600 Block Of Lawton St,San Francisco,CA,Premise Address,Withdrawn
131436,192412874,Well Being Check,2019-08-29T00:00:00.000,2019-08-29T00:00:00.000,2019-08-29T00:00:00.000,15:52,2019-08-29T15:52:00.000,ND,Evans Av/3rd St,San Francisco,CA,Intersection,Closed
834268,182960233,Assault / Battery,2018-10-23T00:00:00.000,2018-10-23T00:00:00.000,2018-10-23T00:00:00.000,02:29,2018-10-23T02:29:00.000,ND,Church St/dorland St,San Francisco,CA,Intersection,Withdrawn
2758132,161783669,Shots Fired,2016-06-26T00:00:00.000,2016-06-26T00:00:00.000,2016-06-26T00:00:00.000,20:58,2016-06-26T20:58:00.000,UTL,400 Block Of Fair Oaks St,San Francisco,CA,Premise Address,Withdrawn
2661902,162224006,Homeless Complaint,2016-08-09T00:00:00.000,2016-08-09T00:00:00.000,2016-08-09T00:00:00.000,23:52,2016-08-09T23:52:00.000,Not recorded,700 Block Of Post St,San Francisco,CA,Premise Address,Pending
2808567,161570313,Party,2016-06-05T00:00:00.000,2016-06-05T00:00:00.000,2016-06-05T00:00:00.000,02:09,2016-06-05T02:09:00.000,GOA,800 Block Of 38th Av,San Francisco,CA,Premise Address,Closed
719218,183472437,Trespasser,2018-12-13T00:00:00.000,2018-12-13T00:00:00.000,2018-12-13T00:00:00.000,15:34,2018-12-13T15:34:00.000,HAN,500 Block Of Market St,San Francisco,CA,Premise Address,Closed
2132450,170873462,22500f,2017-03-28T00:00:00.000,2017-03-28T00:00:00.000,2017-03-28T00:00:00.000,18:22,2017-03-28T18:22:00.000,ADV,200 Block Of Sagamore St,San Francisco,CA,Premise Address,Closed
534751,190690851,Passing Call,2019-03-10T00:00:00.000,2019-03-10T00:00:00.000,2019-03-10T00:00:00.000,09:30,2019-03-10T09:30:00.000,HAN,100 Block Of Hardie Pl,San Francisco,CA,Premise Address,Pending
2678808,162152185,Passing Call,2016-08-02T00:00:00.000,2016-08-02T00:00:00.000,2016-08-02T00:00:00.000,15:03,2016-08-02T15:03:00.000,HAN,600 Block Of Columbus Av,San Francisco,CA,Common Location,Closed
249873,191921163,Traf Violation Cite,2019-07-11T00:00:00.000,2019-07-11T00:00:00.000,2019-07-11T00:00:00.000,09:13,2019-07-11T09:13:00.000,22,0 Blk Valerton Ct,San Francisco,CA,Geo-Override,Pending
1252775,181063960,Silent Holdup Alarm,2018-04-16T00:00:00.000,2018-04-16T00:00:00.000,2018-04-16T00:00:00.000,21:58,2018-04-16T21:58:00.000,NCR,300 Block Of 2nd St,San Francisco,CA,Common Location,Closed
1941650,171681923,Meet W/citizen,2017-06-17T00:00:00.000,2017-06-17T00:00:00.000,2017-06-17T00:00:00.000,14:03,2017-06-17T14:03:00.000,HAN,Green St/columbus Av,San Francisco,CA,Intersection,Closed
2551436,162690858,Fight No Weapon,2016-09-25T00:00:00.000,2016-09-25T00:00:00.000,2016-09-25T00:00:00.000,07:39,2016-09-25T07:39:00.000,ABA,2800 Block Of Ingalls St,San Francisco,CA,Premise Address,Pending
1455248,180143571,Veh Vs Mc,2018-01-14T00:00:00.000,2018-01-14T00:00:00.000,2018-01-14T00:00:00.000,22:17,2018-01-14T22:17:00.000,REP,Octavia St/haight St,San Francisco,CA,Intersection,Pending
2155544,170772922,22500e,2017-03-18T00:00:00.000,2017-03-18T00:00:00.000,2017-03-18T00:00:00.000,17:36,2017-03-18T17:36:00.000,GOA,600 Block Of 12th Av,San Francisco,CA,Premise Address,Closed
2542340,162730114,Ringing Doorbell,2016-09-29T00:00:00.000,2016-09-29T00:00:00.000,2016-09-29T00:00:00.000,01:02,2016-09-29T01:02:00.000,HAN,0 Block Of Dolores Tr,San Francisco,CA,Premise Address,Pending
1264189,181012886,Suspicious Person,2018-04-11T00:00:00.000,2018-04-11T00:00:00.000,2018-04-11T00:00:00.000,16:55,2018-04-11T16:55:00.000,ND,5th St/market St,San Francisco,CA,Intersection,Pending
665907,190090422,811x,2019-01-09T00:00:00.000,2019-01-09T00:00:00.000,2019-01-09T00:00:00.000,06:09,2019-01-09T06:09:00.000,GOA,100 Block Of Turk St,San Francisco,CA,Premise Address,Pending
2904034,161152904,22500f,2016-04-24T00:00:00.000,2016-04-24T00:00:00.000,2016-04-24T00:00:00.000,18:33,2016-04-24T18:33:00.000,CIT,1600 Block Of 19th Av,San Francisco,CA,Premise Address,Closed
2567763,162622396,Petty Theft,2016-09-18T00:00:00.000,2016-09-18T00:00:00.000,2016-09-18T00:00:00.000,15:50,2016-09-18T15:50:00.000,GOA,1400 Block Of Mission St,San Francisco,CA,Premise Address,Pending
2351714,163554088,Suspicious Person,2016-12-20T00:00:00.000,2016-12-20T00:00:00.000,2016-12-20T00:00:00.000,22:11,2016-12-20T22:11:00.000,HAN,200 Block Of California St,San Francisco,CA,Premise Address,Pending
1042157,182040414,Audible Alarm,2018-07-23T00:00:00.000,2018-07-23T00:00:00.000,2018-07-23T00:00:00.000,06:03,2018-07-23T06:03:00.000,PAS,4800 Block Of Geary Bl,San Francisco,CA,Premise Address,Closed
2368198,163481867,Campers,2016-12-13T00:00:00.000,2016-12-13T00:00:00.000,2016-12-13T00:00:00.000,13:08,2016-12-13T13:08:00.000,ADV,1500 Block Of South Van Ness Av,San Francisco,CA,Premise Address,Closed
861941,182833226,Homeless Complaint,2018-10-10T00:00:00.000,2018-10-10T00:00:00.000,2018-10-10T00:00:00.000,17:24,2018-10-10T17:24:00.000,HAN,6th St/jessie St,San Francisco,CA,Intersection,Closed
668229,190073871,Suspicious Person,2019-01-07T00:00:00.000,2019-01-07T00:00:00.000,2019-01-07T00:00:00.000,23:03,2019-01-07T23:03:00.000,ADV,19th St/shotwell St,San Francisco,CA,Intersection,Pending
688206,183630462,Homeless Complaint,2018-12-29T00:00:00.000,2018-12-29T00:00:00.000,2018-12-29T00:00:00.000,05:44,2018-12-29T05:44:00.000,HAN,300 Block Of Ellis St,San Francisco,CA,Premise Address,Pending
2594916,162512154,Suspicious Person,2016-09-07T00:00:00.000,2016-09-07T00:00:00.000,2016-09-07T00:00:00.000,13:41,2016-09-07T13:41:00.000,ADV,1800 Block Of Oak St,San Francisco,CA,Common Location,Pending
377450,191362604,500e,2019-05-16T00:00:00.000,2019-05-16T00:00:00.000,2019-05-16T00:00:00.000,16:31,2019-05-16T16:31:00.000,22,2500 Block Of Sacramento St,San Francisco,CA,Premise Address,Pending
2694766,162073795,22514,2016-07-25T00:00:00.000,2016-07-25T00:00:00.000,2016-07-25T00:00:00.000,23:17,2016-07-25T23:17:00.000,CAN,2500 Block Of Phelps St,San Francisco,CA,Premise Address,Closed
283535,191780213,Passing Call,2019-06-27T00:00:00.000,2019-06-27T00:00:00.000,2019-06-27T00:00:00.000,02:16,2019-06-27T02:16:00.000,HAN,200 Block Of States St,San Francisco,CA,Common Location,Pending
869897,182801885,Traf Violation Cite,2018-10-07T00:00:00.000,2018-10-07T00:00:00.000,2018-10-07T00:00:00.000,13:12,2018-10-07T13:12:00.000,Not recorded,100 Block Of Natoma St,San Francisco,CA,Premise Address,Pending
1957873,171610337,Recover Missing Veh,2017-06-10T00:00:00.000,2017-06-10T00:00:00.000,2017-06-10T00:00:00.000,02:39,2017-06-10T02:39:00.000,NOM,Larch St/laguna St,San Francisco,CA,Intersection,Pending
336832,191542705,Passing Call,2019-06-03T00:00:00.000,2019-06-03T00:00:00.000,2019-06-03T00:00:00.000,16:20,2019-06-03T16:20:00.000,Not recorded,100 Block Of Kezar Dr,San Francisco,CA,Common Location,Closed
98261,192551399,911 Open Line,2019-09-12T00:00:00.000,2019-09-12T00:00:00.000,2019-09-12T00:00:00.000,10:44,2019-09-12T10:44:00.000,NOM,1200 Block Of Market St,San Francisco,CA,Premise Address,Closed
406417,191233997,Passing Call,2019-05-03T00:00:00.000,2019-05-03T00:00:00.000,2019-05-03T00:00:00.000,22:17,2019-05-03T22:17:00.000,HAN,1200 Block Of Bayside Dr,Treasure Isla,CA,Premise Address,Closed
713090,183502204,601,2018-12-16T00:00:00.000,2018-12-16T00:00:00.000,2018-12-16T00:00:00.000,15:47,2018-12-16T15:47:00.000,CAN,0 Block Of Powell St,San Francisco,CA,Premise Address,Closed
2776133,161710830,22500f,2016-06-19T00:00:00.000,2016-06-19T00:00:00.000,2016-06-19T00:00:00.000,08:26,2016-06-19T08:26:00.000,GOA,1200 Block Of Hollister Av,San Francisco,CA,Premise Address,Withdrawn
1408459,180352884,Drugs,2018-02-04T00:00:00.000,2018-02-04T00:00:00.000,2018-02-04T00:00:00.000,18:21,2018-02-04T18:21:00.000,HAN,100 Block Of Mcallister St,San Francisco,CA,Premise Address,Pending
2856546,161360698,Dw/rz,2016-05-15T00:00:00.000,2016-05-15T00:00:00.000,2016-05-15T00:00:00.000,06:55,2016-05-15T06:55:00.000,GOA,1700 Block Of Sutter St,San Francisco,CA,Premise Address,Closed
87718,192592741,Trespasser,2019-09-16T00:00:00.000,2019-09-16T00:00:00.000,2019-09-16T00:00:00.000,16:25,2019-09-16T16:25:00.000,ADV,900 Block Of La Playa,San Francisco,CA,Premise Address,Pending
387107,191321287,Drugs,2019-05-12T00:00:00.000,2019-05-12T00:00:00.000,2019-05-12T00:00:00.000,11:24,2019-05-12T11:24:00.000,ADV,Leavenworth St/mcallister St,San Francisco,CA,Intersection,Pending
1023221,182123988,Suicide Attempt,2018-07-31T00:00:00.000,2018-07-31T00:00:00.000,2018-07-31T00:00:00.000,22:20,2018-07-31T22:20:00.000,UTL,200 Block Of Schwerin St,San Francisco,CA,Premise Address,Pending
1330148,180711348,22500f,2018-03-12T00:00:00.000,2018-03-12T00:00:00.000,2018-03-12T00:00:00.000,10:59,2018-03-12T10:59:00.000,CIT,300 Blk Buchanan St,San Francisco,CA,Geo-Override,Closed
1664911,172853630,22500a,2017-10-12T00:00:00.000,2017-10-12T00:00:00.000,2017-10-12T00:00:00.000,21:13,2017-10-12T21:13:00.000,UTL,Plymouth Av/sagamore St,San Francisco,CA,Intersection,Pending
2626006,162381686,Stick,2016-08-25T00:00:00.000,2016-08-25T00:00:00.000,2016-08-25T00:00:00.000,12:33,2016-08-25T12:33:00.000,HAN,700 Block Of 3rd St,San Francisco,CA,Premise Address,Closed
220143,192044093,Traffic Stop,2019-07-23T00:00:00.000,2019-07-23T00:00:00.000,2019-07-23T00:00:00.000,22:50,2019-07-23T22:50:00.000,CIT,Taylor St/geary St,San Francisco,CA,Intersection,Pending
1093938,181791163,"7,2,46",2018-06-28T00:00:00.000,2018-06-28T00:00:00.000,2018-06-28T00:00:00.000,09:58,2018-06-28T09:58:00.000,HAN,800 Block Of Illinois St,San Francisco,CA,Premise Address,Pending
2459709,163071573,Passing Call,2016-11-02T00:00:00.000,2016-11-02T00:00:00.000,2016-11-02T00:00:00.000,11:22,2016-11-02T11:22:00.000,HAN,Rincon Park,,CA,Geo-Override,Closed
190723,192171655,Suspicious Vehicle,2019-08-05T00:00:00.000,2019-08-05T00:00:00.000,2019-08-05T00:00:00.000,12:01,2019-08-05T12:01:00.000,HAN,Palou Av/selby St,San Francisco,CA,Intersection,Pending
363482,191424444,Mentally Disturbed,2019-05-22T00:00:00.000,2019-05-22T00:00:00.000,2019-05-22T00:00:00.000,23:02,2019-05-22T23:02:00.000,ND,0 Block Of Vandewater St,San Francisco,CA,Premise Address,Closed
1335502,180683319,Muni Inspection,2018-03-09T00:00:00.000,2018-03-09T00:00:00.000,2018-03-09T00:00:00.000,18:58,2018-03-09T18:58:00.000,HAN,3rd St/revere Av,San Francisco,CA,Intersection,Pending
2077973,171104058,22500e,2017-04-20T00:00:00.000,2017-04-20T00:00:00.000,2017-04-20T00:00:00.000,21:14,2017-04-20T21:14:00.000,GOA,2300 Block Of Franklin St,San Francisco,CA,Premise Address,Pending
